id,domain,status,purchase_price,renewal_price,attractiveness,demand,length,registrar,created_at,expires_at,status_verified_at
dde9cac1-6757-4e13-93c5-bb3611d0f005,stalled.one,available,7.99,24.75,medium,low,7,namesilo,,,20/09/2026 17:27
a5ea24f2-510e-41dd-b1f1-0a9ba1deaaf0,pharaonic.one,available,9.48,30.98,medium,low,9,namecheap,,,08/09/2026 18:44
e1a7b871-e6df-4cdb-8371-296faae45b67,vindicated.one,available,7.99,24.75,high,low,10,namesilo,,,08/09/2026 05:23
3854884c-54ea-49ed-be70-51a34d9f9090,ballad.one,available,9.48,30.98,high,low,6,namecheap,,,22/08/2026 21:27
71d8f950-99cf-4307-b0ca-9ef8f4f607af,sequester.one,available,9.48,30.98,medium,low,9,namecheap,,,12/08/2026 21:06
873989fe-cbef-4138-bd61-5d1d27a1f56c,latish.one,available,7.99,24.75,medium,low,6,namesilo,,,22/08/2026 20:43
ac85feec-a723-40c1-a8d5-e6217551b2f5,playstation.one,available,,,high,high,11,,,,
664c27eb-e4a0-4ac3-8240-c249becc5b74,handy.one,resell,,,high,low,5,OVH sas,23/05/2015 11:06,23/05/2027 11:06,26/09/2026 06:34
c94ec29e-d115-47da-8612-b9bce59c37bf,adapid.one,available,7.99,24.75,low,low,6,namesilo,,,17/09/2026 06:24
ac93afb1-483e-4080-98b9-33471a9e87e5,stunted.one,available,7.99,24.75,medium,low,7,namesilo,,,10/09/2026 23:04
e9c5ab6b-d270-40b9-b646-c01ae5dae4bb,unhealed.one,available,7.99,24.75,medium,low,8,namesilo,,,12/09/2026 12:08
bd9b416c-8c71-4101-aa55-a25002be9d71,outbred.one,available,9.48,30.98,medium,low,7,namecheap,,,04/09/2026 19:03
e79ef4fd-2b39-4b1f-8cc0-55cdcb761b8b,absolution.one,available,9.48,30.98,high,low,10,namecheap,,,16/09/2026 17:57
4177b195-3392-43bb-8002-313ee7db8b78,reversed.one,available,7.99,24.75,high,low,8,namesilo,,,27/09/2026 14:11
7934c9ec-6d4f-4c95-b1d0-e1ca75cda47e,coral.one,resell,,,high,low,5,Dynadot Inc,21/06/2026 00:00,21/06/2027 00:00,26/09/2026 05:15
5ca16785-6f38-4a6d-8612-c4c3fd1ce4e2,incurably.one,available,7.99,24.75,medium,low,9,namesilo,,,15/09/2026 07:45
17b2bdd3-459c-4120-82c3-34ad74cca9e1,endemical.one,available,7.99,24.75,low,low,9,namesilo,,,17/08/2026 00:53
055c7c13-3302-468a-a6cd-e2c2b40f2a27,coeliac.one,available,7.99,24.75,medium,low,7,namesilo,,,12/08/2026 15:21
e9c97109-7e09-4fed-97da-717e2d12ff2e,midweek.one,available,7.99,24.75,high,low,7,namesilo,,,13/09/2026 09:34
dc995038-d3c2-4979-adac-f10772d577ab,cheapjack.one,available,7.99,24.75,medium,low,9,namesilo,,,12/08/2026 03:25
b70910fc-2dbd-44e1-89d5-93a37f578790,sustained.one,available,7.99,24.75,high,low,9,namesilo,,,18/08/2026 14:51
7926e5a1-49a4-47c5-92cc-3f7061a7ff15,analyzed.one,available,7.99,24.75,medium,low,8,namesilo,,,
73538766-4192-4eb5-b082-abcc98bc5602,carbonyl.one,available,7.99,24.75,medium,low,8,namesilo,,,11/08/2026 18:41
f26071a3-9f08-48c3-8899-3136ed99904d,barthelme.one,available,7.99,24.75,medium,low,9,namesilo,,,22/09/2026 09:06
8f92f0b1-94cf-4bea-970b-c7c01cf10bce,kosovo.one,available,9.48,30.98,high,low,6,namecheap,,,25/09/2026 23:25
07b3165d-6e49-4721-8e76-2ebcbb6a7b5d,bargainer.one,available,7.99,24.75,medium,low,9,namesilo,,,22/09/2026 05:32
211601a7-c10f-434b-a6d0-f2b324141ecc,according.one,available,7.99,24.75,high,low,9,namesilo,,,
055b66d7-4595-4f2c-b201-a0498e6744f2,develop.one,premium,6250,,high,low,7,name.com,,,
83fc7763-eaa3-4d75-a4d0-1ecd790fa564,overeat.one,available,7.99,24.75,medium,low,7,namesilo,,,23/09/2026 17:26
a6dd6995-c7bc-4636-84ff-c1b3a12106a5,baseless.one,available,7.99,24.75,medium,low,8,namesilo,,,08/08/2026 21:44
019c6b47-f11e-4928-9572-4bb19d026935,coyol.one,available,7.99,24.75,medium,low,5,namesilo,,,17/09/2026 03:38
d609dc6d-6dba-43ab-864c-703b666634a1,disparate.one,available,7.99,24.75,medium,low,9,namesilo,,,14/08/2026 11:52
0b6ca28a-d2bf-4f65-b2f6-cb6d638fb02a,latticed.one,available,7.99,24.75,medium,low,8,namesilo,,,22/08/2026 08:06
b457b0dd-16c6-4165-b034-a40f8029ef29,sadducean.one,available,9.48,30.98,high,medium,9,namecheap,,,09/09/2026 20:42
1747e544-13ab-4ead-9a72-b4c06e8463ab,becomingly.one,available,7.99,24.75,medium,low,10,namesilo,,,13/09/2026 23:45
db5434dd-0ff2-442f-8dec-88faccb025da,biosensors.one,available,7.99,24.75,medium,low,10,namesilo,,,21/09/2026 02:37
6c020ec6-fba3-4520-b857-7725e4a7fbfa,querulous.one,available,7.99,24.75,medium,low,9,namesilo,,,09/09/2026 08:33
a1f888f0-f7f1-48da-80c2-f36e686ce6a4,agonising.one,available,7.99,24.75,medium,low,9,namesilo,,,
c637227f-5c23-40b5-85f9-a38d45a02e51,acquirer.one,available,7.99,24.75,medium,low,8,namesilo,,,17/09/2026 02:40
b8dd88d3-0d43-4b47-8e9d-6e21c467b8f1,drudgery.one,available,9.48,30.98,medium,low,8,namecheap,,,08/09/2026 21:19
0e7a6f18-cde3-4bd5-a73b-3d83cca035d0,useable.one,available,7.99,24.75,medium,low,7,namesilo,,,12/09/2026 23:57
114992e9-5f9e-421a-a3e9-ea51981f8687,prepaid.one,premium,640,640,high,low,7,namesilo,,,09/09/2026 00:39
b545914b-1d8f-4a85-8e8c-a044b67a002f,atole.one,available,7.99,24.75,medium,low,5,namesilo,,,20/09/2026 21:52
97ada9f2-45e6-47dc-9fab-077dad13c029,theorise.one,available,9.48,30.98,high,low,8,namecheap,,,24/09/2026 17:20
d6f9cbe5-61c5-498b-bed7-02173d8c59dd,teaching.one,premium,640,640,high,low,8,namesilo,,,24/09/2026 22:15
a8826168-8f1a-4e51-8dae-598a5200825f,released.one,available,3.49,24.75,medium,low,8,namesilo,,,
e189e2ff-fbcf-440a-873a-2a91cc5cd184,polishing.one,available,7.99,24.75,high,medium,9,namesilo,,,10/09/2026 06:31
0405c8ce-d376-4954-8bcf-e516e4583863,swimmer.one,available,9.48,30.98,high,low,7,namecheap,,,22/09/2026 13:29
22a91dd5-04b3-4a4d-abc4-b5feed9a8fe0,intermix.one,available,7.99,24.75,high,medium,8,namesilo,,,24/09/2026 05:39
2c0218aa-f3bc-480e-b245-d943d2a1fe50,keychains.one,available,7.99,24.75,medium,low,9,namesilo,,,21/09/2026 02:44
b6171f70-7474-47a6-94fb-08c8d97620e5,hoofed.one,available,7.99,24.75,medium,low,6,namesilo,,,21/08/2026 13:40
e58ea3fa-1b36-45d1-b10f-4ed25a13337a,agrigento.one,available,7.99,24.75,medium,low,9,namesilo,,,17/09/2026 02:44
044c95b6-6516-4ba6-a4a2-391d3735e130,astatic.one,available,7.99,24.75,medium,low,7,namesilo,,,07/08/2026 08:36
c87dc33d-4058-4f5f-8203-4fe33dab434f,filming.one,available,3.49,24.75,high,low,7,namesilo,,,
891b885e-ca5c-4892-9b81-ec67f74b135f,coldly.one,available,3.49,24.75,medium,low,6,namesilo,,,
5f89251f-a4b4-48c7-8ff0-76ff631361f4,unclipped.one,available,7.99,24.75,medium,low,9,namesilo,,,12/09/2026 05:25
2b463888-3ec3-435b-98b6-748f1485dcc4,shotgun.one,resell,,,high,low,7,Key-Systems LLC,19/05/2019 21:32,19/05/2027 21:32,26/09/2026 09:00
d953f5c3-8587-47b4-a7e4-32bf482a95e1,distaff.one,available,7.99,24.75,medium,low,7,namesilo,,,14/08/2026 13:01
db51a978-7ce9-4ad1-ae52-27d216830b77,regularly.one,available,7.99,24.75,medium,low,9,namesilo,,,15/09/2026 17:25
9f57a467-c10b-4261-ba18-a111d42ef339,cleared.one,available,7.99,24.75,high,low,7,namesilo,,,21/09/2026 14:48
4f1dc3e6-43c6-4a95-b80d-9389cde8f5e5,fresnel.one,available,7.99,24.75,high,low,7,namesilo,,,21/09/2026 04:00
ac51f772-80bb-47db-b50b-e75772a7c081,biologist.one,available,9.48,30.98,high,low,9,namecheap,,,23/09/2026 18:26
268eb701-cd38-403f-8a56-1ccd845a2286,gibbous.one,available,7.99,24.75,medium,low,7,namesilo,,,13/08/2026 07:44
869ad42f-8f3f-46b4-a705-ef12f6b0f655,angevin.one,available,7.99,24.75,medium,low,7,namesilo,,,19/09/2026 06:06
a17be476-3a0c-4bb5-b007-e81a708ccb08,engineering.one,premium,517.7,517.7,high,low,11,spaceship,,,28/09/2026 02:50
bbe193ab-9a5a-4072-b41d-912b1b8c45c4,obey.one,resell,,,high,low,4,Dynadot Inc,04/04/2026 00:01,04/04/2027 00:01,26/09/2026 07:51
7b77261d-c5ab-4aa7-b956-59a07ce886dd,biracial.one,available,7.99,24.75,high,low,8,namesilo,,,10/08/2026 05:42
c969ecf9-dc8d-4d60-9e20-50bf4c0e8b3b,seated.one,available,6.41,19.87,high,low,6,spaceship,,,27/09/2026 19:11
b5a4c1f3-b7c0-4976-af11-eaf5861ae445,kosher.one,premium,625,625,high,low,6,name.com,,,13/08/2026 02:45
8cc73340-90fa-4b8b-a501-1b830027857c,plumbago.one,available,7.99,24.75,medium,low,8,namesilo,,,24/09/2026 01:07
e65b846a-d390-4183-9220-555622a473f0,signaling.one,available,7.99,24.75,high,medium,9,namesilo,,,10/09/2026 08:00
03deb826-f43d-4b16-8faf-412976690c2e,parochial.one,available,7.99,24.75,medium,low,9,namesilo,,,08/09/2026 01:46
27603e0b-70dd-4f95-a50a-1fb1f1dab91e,luzon.one,available,6.41,19.87,high,low,5,spaceship,,,27/09/2026 14:53
426c67bc-934b-44f8-b8a3-f50180c3d6a4,cacophony.one,available,7.99,24.75,medium,low,9,namesilo,,,10/08/2026 13:13
1765b479-8d12-4957-b242-84e4a0dc0fe5,jocose.one,available,7.99,24.75,medium,low,6,namesilo,,,22/08/2026 12:54
513a1099-b3d4-4664-ba36-14203043ce2e,glycogen.one,available,7.99,24.75,medium,low,8,namesilo,,,19/09/2026 08:46
2bf289f6-68c5-4466-b712-dbbd4b57e9f5,attitude.one,resell,,,high,low,8,Dynadot Inc,08/01/2021 16:44,08/01/2027 16:44,26/09/2026 04:07
8b1f4eed-39be-4832-806d-e157d088ff93,hollywood.one,premium,625,625,high,low,9,name.com,,,21/08/2026 10:34
61955260-534b-46de-8480-09465c44c335,enkindled.one,available,7.99,24.75,medium,low,9,namesilo,,,17/08/2026 09:31
85bb77c5-868a-45bb-885a-209369a4cb68,stressed.one,available,7.99,24.75,medium,low,8,namesilo,,,10/09/2026 22:30
4f784376-f5cf-4134-b0f2-aa9169925449,positions.one,available,9.48,30.98,medium,low,9,namecheap,,,19/09/2026 00:35
87835f3d-6a52-43fd-902b-be211b4179ec,marooned.one,available,7.99,24.75,medium,low,8,namesilo,,,25/09/2026 16:58
d78d6f05-b3bc-4e1e-898f-d2538073d867,kochia.one,available,9.48,30.98,medium,low,6,namecheap,,,22/09/2026 12:18
f3c3b90f-6853-4dc5-a8b8-266e141977ec,attenuate.one,available,7.99,24.75,medium,low,9,namesilo,,,07/08/2026 15:21
2f6fed02-2ddb-4f5e-84ae-ce1918c6ab1e,confined.one,available,9.48,30.98,medium,low,8,namecheap,,,11/08/2026 18:20
166788f2-a1a6-4ef2-a0de-fc528255f3f2,baldachin.one,available,9.48,30.98,medium,low,9,namecheap,,,21/09/2026 21:30
9775eceb-ec51-45ea-8b3d-b92cb63797da,linelike.one,available,7.99,24.75,medium,low,8,namesilo,,,23/08/2026 15:03
b646f44a-5c5d-4475-b7fb-227993077b87,alacritous.one,available,7.99,24.75,medium,low,10,namesilo,,,
02d9ce60-adb6-439d-9f93-09070737ec39,allegretto.one,available,7.99,24.75,high,low,10,namesilo,,,
7155103c-4e29-4697-8f30-46bd99cafc30,unclutter.one,available,7.99,24.75,high,low,9,namesilo,,,12/08/2026 10:28
aa322dc5-52e4-4abe-a4d0-d2f8cd79caa1,astray.one,available,7.99,24.75,medium,low,6,namesilo,,,13/09/2026 22:14
05b1d891-5a46-4e05-954b-160ad819bb2b,bifurcated.one,available,9.48,30.98,medium,low,10,namecheap,,,09/08/2026 20:24
41eefe17-0308-47ec-aeae-1cda400d9681,barterer.one,available,7.99,24.75,medium,low,8,namesilo,,,22/09/2026 08:58
0884d59c-a06f-4f37-b12b-cfd4300e339e,basely.one,available,7.99,24.75,medium,low,6,namesilo,,,13/09/2026 23:35
224b09e6-b24c-4439-9a52-b79d9a3b3d9c,offenses.one,available,7.99,24.75,low,low,8,namesilo,,,20/09/2026 10:35
76234ab6-329f-4534-82db-3ad37304b8c4,jinxed.one,available,7.99,24.75,medium,low,6,namesilo,,,21/08/2026 07:53
fc72c675-e1d6-4ac6-8033-be9f7559fa28,doubting.one,available,7.99,24.75,medium,low,8,namesilo,,,14/08/2026 17:01
1fb6885f-472e-4285-b667-db6835085282,unveil.one,resell,,,high,low,6,Dynadot Inc,20/09/2024 08:17,20/09/2027 08:17,26/09/2026 09:53
8d0b21bc-7fdc-49bd-bbde-af28d52650b8,hallowmas.one,available,7.99,24.75,medium,low,9,namesilo,,,18/09/2026 09:30
b1d7b90e-4fc3-4e86-a8c4-88cf92a98d87,masses.one,available,3.49,24.75,high,low,6,namesilo,,,
82beacbc-1bfc-48e9-b204-23d57c2ba548,archduke.one,available,7.99,24.75,medium,low,8,namesilo,,,20/09/2026 01:54
ec11f444-b3d8-4117-a29b-90d7eeeb2ec4,cased.one,available,9.48,30.98,medium,low,5,namecheap,,,11/08/2026 20:04
225f9ee5-a6a7-4a19-90c8-9a66317e198c,dolt.one,available,7.99,24.75,medium,low,4,namesilo,,,10/09/2026 23:09
46c81c6d-c335-4ae4-9f29-a011b042590e,estragon.one,available,7.99,24.75,medium,low,8,namesilo,,,20/09/2026 10:19
6f17761a-4457-409b-890c-20dd969ad6fd,dwelling.one,available,30.98,,high,low,8,namecheap,,,
86102429-d83b-4817-82ba-6a758787828d,dollars.one,premium,640,640,medium,low,7,namesilo,,,17/09/2026 07:00
a9cf1b60-279e-4e90-b50c-f8a28b19330c,errant.one,available,7.99,24.75,medium,low,6,namesilo,,,17/08/2026 12:44
788265c3-0889-4359-a6d4-86c64915619c,antido.one,available,7.99,24.75,medium,low,6,namesilo,,,19/09/2026 14:17
d5ed43f6-24f1-45bc-862c-07ce10e9f525,bodacious.one,available,7.99,24.75,high,low,9,namesilo,,,10/08/2026 16:42
61cb8208-2dcd-4e63-bb2a-deb60cc51f53,benzedrine.one,available,7.99,24.75,medium,low,10,namesilo,,,23/09/2026 08:31
9d0c05c9-940d-4215-88a5-e8f2c2fe6e08,nonwhite.one,available,11.99,30.99,medium,low,9,name.com,,,13/08/2026 18:06
d3815aa6-0a8a-4240-9a78-6f68f0a912ec,alertly.one,available,7.99,24.75,medium,low,7,namesilo,,,13/09/2026 18:40
2b7914fd-dfe7-4e28-9a04-ed5cf7c42308,amnic.one,available,7.99,24.75,medium,low,5,namesilo,,,
236aea2e-a883-424e-8721-c555bfbf95b5,flowing.one,available,7.99,24.75,high,low,7,namesilo,,,18/08/2026 09:11
2d541d46-91ee-44b5-8a92-a4df3084923c,final.one,resell,,,high,low,5,"Spaceship, Inc.",07/08/2024 03:43,07/08/2027 03:43,26/09/2026 06:05
18c2d637-b00e-4058-9329-21b3c2267555,experimentation.one,available,7.99,24.75,medium,low,15,namesilo,,,25/09/2026 14:37
ba34b651-7181-488c-a94a-429adb7f041f,establishments.one,available,3.49,24.75,low,low,14,namesilo,,,
383b8e86-75f6-4253-b6b2-70ec56fb2b1a,park.one,premium,640,640,high,medium,4,namesilo,,,23/09/2026 15:57
ef761c47-f9f2-4202-93f0-39c32d420e7c,hayastan.one,available,7.99,24.75,medium,low,8,namesilo,,,20/09/2026 06:40
eb9de77a-1540-4f0e-9cae-068d35852659,patter.one,available,9.48,30.98,high,low,6,namecheap,,,15/09/2026 20:21
994f0d97-040f-467b-876d-67909c8ae96e,someplace.one,available,7.99,24.75,high,low,9,namesilo,,,16/09/2026 04:51
87801c49-4ec9-4cf8-bd1c-a5301d7f7dc9,deprived.one,available,7.99,24.75,medium,low,8,namesilo,,,14/08/2026 02:45
a6885ed4-efd6-4684-9359-5e480c264896,blattodea.one,available,7.99,24.75,medium,low,9,namesilo,,,24/09/2026 04:54
bc120f89-3f60-44bc-a200-d03126d04dab,unshaken.one,available,7.99,24.75,medium,low,8,namesilo,,,12/09/2026 07:04
b40a1e20-573d-4cd2-aa9a-7d9bff6ec7a9,bronzy.one,available,7.99,24.75,medium,low,6,namesilo,,,11/08/2026 05:39
25ace6c5-ba1d-493c-be52-6a1613502e55,knockabout.one,available,7.99,24.75,medium,low,10,namesilo,,,22/08/2026 16:33
33a83a28-7718-4db4-95cc-ca1252233f92,mothafucker.one,available,3.49,24.75,medium,low,11,namesilo,,,
86239011-fb72-4374-a2d5-dfda8c59d86e,doctrine.one,resell,,,high,low,8,,,,28/09/2026 02:40
a4a60c95-eb5e-48ea-938e-4c32c969bbe5,kidnapper.one,available,7.99,24.75,medium,low,9,namesilo,,,16/09/2026 14:52
4a502a9e-d91f-4b87-a9c3-059df748abef,biography.one,resell,,,high,low,9,Porkbun,23/07/2020 14:42,23/07/2027 14:42,26/09/2026 04:26
1ba35da9-26cf-49a0-b31e-4aca4c49e861,taleteller.one,available,7.99,24.75,high,low,10,namesilo,,,11/09/2026 10:32
3f762149-7c94-410a-b859-238d53387f94,started.one,available,7.99,24.75,medium,low,7,namesilo,,,18/09/2026 11:27
dbdcacdc-c074-4569-959b-d5fe93658df6,pictured.one,available,7.99,24.75,medium,low,8,namesilo,,,14/08/2026 02:14
0858d76f-2ce5-4bf1-ae07-81c3123cd504,spiritous.one,available,7.99,24.75,medium,low,9,namesilo,,,10/09/2026 16:00
26216986-45f0-46c2-b4f5-ae33c8dff1a7,spontaneity.one,available,3.49,24.75,high,low,11,namesilo,,,
e680ba98-f915-42b8-ada4-d40dae1e0719,avowal.one,available,9.48,30.98,medium,low,6,namecheap,,,17/09/2026 14:26
29b7b921-aecd-499a-9e75-8889b71abc52,astatine.one,available,7.99,24.75,medium,low,8,namesilo,,,20/09/2026 16:55
57a0da38-8c70-4003-85b3-0cc6fde3d211,centres.one,available,7.99,24.75,medium,low,7,namesilo,,,20/09/2026 08:17
e6e85313-0cbc-49e5-82f5-752c3d53fced,conjecture.one,available,9.48,30.98,high,low,10,namecheap,,,24/09/2026 17:17
949d8d2b-cb76-435d-82ee-76c7e44dc9a0,originally.one,available,7.99,24.75,high,low,10,namesilo,,,15/09/2026 07:14
deac1324-eb8d-4d02-946d-511f797efc61,shoppers.one,resell,,,high,low,8,Dynadot Inc,17/08/2021 14:42,17/08/2027 14:42,26/09/2026 08:59
966a9cad-8734-4f00-9de4-7b67c223bea3,chimerical.one,available,7.99,24.75,medium,low,10,namesilo,,,12/08/2026 05:38
4726b253-8ae5-47f3-a024-3b8df50b6bbf,mediatory.one,available,9.48,30.98,medium,low,9,namecheap,,,24/08/2026 18:55
507e8ff2-ce69-429f-9425-a1fc62036148,nonlinear.one,available,7.99,24.75,medium,low,9,namesilo,,,03/09/2026 19:44
c6789de1-0d1c-45bd-af3f-7062ad36e7d8,screenshots.one,available,7.99,24.75,medium,low,11,namesilo,,,20/09/2026 11:10
edb9f87e-0ef5-4ed9-b768-ba0d39f66b27,blows.one,available,7.99,24.75,low,low,5,namesilo,,,25/09/2026 16:53
4d09512c-8689-4450-b50b-65314292cd56,emboss.one,available,9.48,30.98,high,low,6,namecheap,,,10/08/2026 20:42
4476464f-daed-43f3-bccd-9745e0a92f86,adoring.one,available,7.99,24.75,high,low,7,namesilo,,,21/09/2026 19:41
7c54a3a5-e66d-400b-aca0-6d5dd5417705,attester.one,available,7.99,24.75,medium,low,8,namesilo,,,21/09/2026 01:41
bbf50371-156f-4604-9a5c-5dd0f57dbd1f,cupcake.one,resell,,,high,low,7,Porkbun,22/07/2020 21:17,22/07/2027 21:17,26/09/2026 05:22
19d1aed3-6fe4-4c39-bfec-7988ea74f528,monger.one,available,7.99,24.75,medium,low,6,namesilo,,,22/09/2026 05:36
1cb3894f-a205-4279-b31d-32b9c4bfef1d,surmisable.one,available,7.99,24.75,high,medium,10,namesilo,,,09/09/2026 01:47
da672bb6-14c3-4ca8-a99f-507affbb86a8,glacial.one,available,7.99,24.75,medium,low,7,namesilo,,,18/08/2026 16:28
092f6fac-02f0-4c78-bc4f-2364e3782c34,buckram.one,available,7.99,24.75,medium,low,7,namesilo,,,11/08/2026 07:31
201867e1-f7a1-4ea0-b2ad-01297e0703b7,anunnaki.one,available,7.99,24.75,medium,low,8,namesilo,,,19/09/2026 15:51
d353f78b-7c05-4e07-a587-d5fcf008dc63,everyday.one,premium,640,640,high,low,8,namesilo,,,24/09/2026 15:36
d49875db-f4c9-425a-b0d2-1cc1e9477f86,inwards.one,available,7.99,24.75,medium,low,7,namesilo,,,25/09/2026 11:13
a99f767c-635e-4b72-b402-d090b7643436,anoa.one,available,9.48,30.98,medium,low,4,namecheap,,,19/09/2026 11:10
c1537d1f-6c84-4a99-a58d-cd1932a346e0,equid.one,available,7.99,24.75,medium,low,5,namesilo,,,17/08/2026 11:47
9551245f-35c4-4816-aee7-37069f52dc1f,opportune.one,available,7.99,24.75,medium,low,9,namesilo,,,04/09/2026 16:43
55448397-52ae-48d8-a65b-c09ef1abcf50,ein.one,resell,,,high,low,3,"NameCheap, Inc.",26/08/2019 17:36,26/08/2027 17:36,26/09/2026 05:46
9267cad6-7ae3-45a8-aa62-98c3f5dbb0d1,adoptable.one,available,7.99,24.75,medium,low,9,namesilo,,,
1cbfdc01-a8d0-457d-9e10-851d4cc9aa85,abaxial.one,available,7.99,24.75,medium,low,7,namesilo,,,
bf3dd82f-abd2-4480-8153-fe385398cefa,wellborn.one,available,7.99,24.75,medium,low,8,namesilo,,,13/09/2026 10:42
7057c0b9-5cac-466a-9fc6-f14994c19764,carved.one,available,9.48,30.98,high,low,6,namecheap,,,11/08/2026 19:57
6001a1c6-c814-4a3b-a53b-ad282cd9698b,destroyed.one,available,7.99,24.75,medium,low,9,namesilo,,,24/09/2026 07:01
e28c063b-7d24-4de9-a495-01db892a0e85,hypotonic.one,available,7.99,24.75,medium,low,9,namesilo,,,21/08/2026 17:19
819f73bb-6804-4a2c-b7db-469420d7f5e2,preeminent.one,available,7.99,24.75,high,medium,10,namesilo,,,09/09/2026 01:32
cdb8516e-eefc-4bfc-ace4-4b89db5831e3,commodious.one,available,9.48,30.98,medium,low,10,namecheap,,,12/08/2026 19:10
5efe440a-bf4b-48bb-a4cd-4e892497e0df,unacceptable.one,available,3.49,24.75,medium,low,12,namesilo,,,
a3e6805e-28ea-407a-9523-b6697ed2f7ef,propellant.one,available,7.99,24.75,high,low,10,namesilo,,,09/09/2026 03:26
963b04fa-87f4-4d8f-a328-555cf62f69bb,dogmatism.one,available,7.99,24.75,medium,low,9,namesilo,,,23/09/2026 15:23
324ccd72-9f8d-49d5-b7ea-18d8be6c8cc4,diploma.one,resell,,,high,low,7,OVH sas,23/05/2015 21:21,23/05/2027 21:21,26/09/2026 05:34
9bc216e3-f351-4da7-abc0-f32e248fc17f,endocrine.one,available,7.99,24.75,medium,low,9,namesilo,,,17/08/2026 01:00
4a1f4ea4-6aa2-4102-b7c8-c23ebb1b381c,pliable.one,available,7.99,24.75,medium,low,7,namesilo,,,19/09/2026 14:13
b696c918-15ee-45c3-96ba-d5f260d0e735,alpinia.one,available,7.99,24.75,medium,low,7,namesilo,,,18/09/2026 14:02
7325c287-d83f-45f3-ba99-dd3686442adc,laxative.one,available,9.48,30.98,high,low,8,namecheap,,,22/08/2026 21:25
75281615-f459-48ea-8ef2-4a7ce27e381f,pliability.one,available,9.48,30.98,medium,low,10,namecheap,,,23/09/2026 07:42
8bc84366-538d-4042-8fa5-8f35fe2868d5,edental.one,available,7.99,24.75,medium,low,7,namesilo,,,08/09/2026 15:42
802225ae-2c39-407d-87ff-776f96d5f34a,weighing.one,available,7.99,24.75,high,low,8,namesilo,,,17/09/2026 11:27
e58daba8-e555-4b1d-ac2f-bb6ab653a89c,fenestral.one,available,7.99,24.75,medium,low,9,namesilo,,,18/08/2026 01:09
344a2846-918f-44c2-8e22-a04e6163789c,palmatifid.one,available,7.99,24.75,medium,low,10,namesilo,,,05/09/2026 00:03
5113c34c-7f52-42f0-9fb6-fd3bc23b4cc4,stirred.one,available,7.99,24.75,high,low,7,namesilo,,,25/08/2026 09:07
d7e3fa0e-4284-46ee-a43c-0ec6e036332e,flag.one,premium,6900,6900,high,low,4,namesilo,,,25/09/2026 00:12
23c1d1d5-e38f-4102-97fb-77dbb5a5153f,attack.one,resell,,,high,low,6,Dynadot Inc,01/12/2024 05:35,01/12/2026 05:35,26/09/2026 04:07
3c653b62-eb25-453f-b6d8-653761fa2d58,cushion.one,available,9.48,30.98,high,low,7,namecheap,,,24/09/2026 20:36
e4f8f70b-a041-49da-86ec-153a2e8714f3,horrify.one,available,9.48,30.98,medium,low,7,namecheap,,,18/09/2026 01:56
1c7183fb-0f1b-4040-985d-3c324f76d3f8,albany.one,available,9.48,30.98,high,low,6,namecheap,,,18/09/2026 02:27
8c58d991-9dab-4318-995b-5d00acb1a99d,tempered.one,available,7.99,24.75,high,low,8,namesilo,,,11/09/2026 10:50
ecb0f219-027e-4c6a-a586-7e70b0ea6f98,internally.one,available,7.99,24.75,medium,low,10,namesilo,,,15/09/2026 09:01
fb3d025e-21cd-45a7-a605-658447efe6fb,warranty.one,premium,625,,high,low,8,name.com,,,
3153cb50-66fe-47eb-986a-d1fa7e8366b5,hanukkah.one,available,3.49,24.75,high,low,8,namesilo,,,
d3104f24-43e8-4e91-bafb-a91c205764f8,sandra.one,resell,,,high,low,6,,,,27/09/2026 22:38
2790ffdb-f385-4bd3-bee5-ac05d925e4fb,silicious.one,available,7.99,24.75,high,medium,9,namesilo,,,10/09/2026 08:08
09a00ae2-8d8a-4161-a3f5-2f440aa9db96,beacon.one,resell,,,high,medium,6,OVH sas,26/12/2024 00:01,26/12/2026 00:01,26/09/2026 04:18
1ff77aeb-91ef-4d24-aae2-d0fad628774b,employ.one,resell,,,high,low,6,Dynadot Inc,29/12/2025 03:24,29/12/2026 03:24,26/09/2026 05:49
03444752-3fbf-4ea5-bc91-771e0a7f2a12,unselected.one,available,9.48,30.98,medium,low,10,namecheap,,,12/09/2026 19:14
11b54c2f-8b8f-4314-ab06-15551b6d70ad,cheery.one,available,7.99,24.75,high,low,6,namesilo,,,12/08/2026 03:56
1086ecbb-556d-4f24-a0d2-323789563e2c,harrowing.one,available,7.99,24.75,medium,low,9,namesilo,,,
66f9698d-d0a1-47c2-a2eb-a64ab2328349,antoninus.one,available,7.99,24.75,medium,low,9,namesilo,,,19/09/2026 15:34
237fd469-2a3a-4bb0-a4a1-51b9431a2e51,celluloid.one,available,7.99,24.75,high,low,9,namesilo,,,11/08/2026 23:34
abd67cf3-b899-4b4d-98cf-7196853bf7cb,shooting.one,premium,517.7,517.7,high,low,8,spaceship,,,27/09/2026 21:17
48608241-3434-4261-a6ad-36cccf7ab4e3,bestiality.one,available,7.99,24.75,medium,low,10,namesilo,,,23/09/2026 10:39
c4537f71-d190-4e3d-b8e9-052593891531,raising.one,available,7.99,24.75,high,medium,7,namesilo,,,09/09/2026 09:53
f6fe27e6-2065-425a-85d9-d8d422155f6c,hoagy.one,available,9.48,30.98,medium,low,5,namecheap,,,24/09/2026 20:07
da082ea1-1e92-418a-8fd5-2593fdf2e075,zirconium.one,available,7.99,24.75,medium,low,9,namesilo,,,20/09/2026 23:04
ad4d8e77-e904-4031-a862-2059c4db0b77,drunk.one,available,9.48,30.98,high,low,5,namecheap,,,25/09/2026 09:36
c364e8d0-ae27-4b1b-9018-cec11e2b016f,reformist.one,available,7.99,24.75,high,medium,9,namesilo,,,09/09/2026 12:42
3a467040-b9ca-4f7d-bbcf-bba9aebf1965,nailed.one,available,7.99,24.75,medium,low,6,namesilo,,,18/09/2026 21:49
095104a6-9b34-4208-b770-352c2ef5efab,lustful.one,available,9.48,30.98,medium,low,7,namecheap,,,12/08/2026 20:18
f08e3278-f0a2-4498-b194-807db6609199,pianissimo.one,available,9.48,30.98,high,medium,10,namecheap,,,08/09/2026 19:27
5a439a8d-8cf3-43d8-b270-4d09ba165a2e,practised.one,available,7.99,24.75,high,medium,9,namesilo,,,09/09/2026 00:57
a526967e-8738-44fa-97db-f18cb7534862,inviting.one,available,7.99,24.75,high,low,8,namesilo,,,25/09/2026 11:14
7c3886b0-a0ca-4f7e-874c-5d6c46fe575a,bated.one,available,7.99,24.75,medium,low,5,namesilo,,,09/08/2026 00:22
e90adadf-1ab3-4187-9598-d4ae2a61c738,unrivalled.one,available,7.99,24.75,high,low,10,namesilo,,,24/08/2026 17:08
b6e818ff-5e2f-440c-93bf-dedf69d581a1,newspapers.one,available,7.99,24.75,medium,low,10,namesilo,,,27/09/2026 02:48
16ee9fd8-2db1-449b-845a-21a0cacfc2b9,petrous.one,available,9.48,30.98,medium,low,7,namecheap,,,08/09/2026 18:24
9f2b64eb-65ac-42dd-b104-4396af66fe0b,banging.one,available,,,high,low,7,,,,
58da2e7e-8e3f-4536-815b-4b78f88c2614,amperage.one,available,7.99,24.75,medium,low,8,namesilo,,,18/09/2026 23:07
f4f99af9-2a9d-4929-8b1a-68ad5a5b5795,thong.one,available,3.49,24.75,medium,low,5,namesilo,,,
45af1d19-39c2-4c5a-a11f-c63a167a1f17,rearing.one,available,7.99,24.75,high,low,7,namesilo,,,09/09/2026 11:04
68a30f6b-bf0e-461e-94d5-74c1b1dc57e2,caring.one,resell,,,high,low,6,Dynadot Inc,16/01/2026 00:03,16/01/2027 00:03,26/09/2026 04:46
368534bb-358a-47b9-b6a0-fdf4b8c8162c,inured.one,available,7.99,24.75,medium,low,6,namesilo,,,17/08/2026 10:01
b3dcca13-d2a9-412a-8124-a8fa4319fa6b,followed.one,available,7.99,24.75,medium,low,8,namesilo,,,25/09/2026 17:12
e8dd7cdc-5eb4-483f-981f-6b698c328b6d,nazimova.one,available,7.99,24.75,medium,low,8,namesilo,,,18/09/2026 09:38
06e708e3-78fe-4185-8a72-d46b12ddfd22,boleyn.one,available,7.99,24.75,medium,low,6,namesilo,,,19/09/2026 10:12
6e2cd632-0955-4b4c-b5f0-97f2ae1baf11,congregation.one,available,3.49,24.75,high,low,12,namesilo,,,
31e6ff61-c12d-47dd-b31f-32ae0831d122,nettled.one,available,7.99,24.75,medium,low,7,namesilo,,,
9362efc1-b267-4f8c-a14a-aa8e13e250e4,proceeded.one,available,7.99,24.75,medium,low,9,namesilo,,,18/09/2026 01:36
d0c5da5a-1115-44fe-acca-f7d38cf1a906,interlaced.one,available,7.99,24.75,high,low,10,namesilo,,,22/08/2026 08:04
7d72c6e5-902e-48ae-9a5c-4cbe0b62b9f2,satiric.one,available,7.99,24.75,medium,low,7,namesilo,,,09/09/2026 21:51
565de49a-5c75-444a-aff0-d1c2fc4cc5da,emblem.one,resell,,,high,low,6,,,,28/09/2026 02:43
b0d16834-6ae7-4547-8034-13b2cf87eb8d,appearing.one,available,9.48,30.98,high,low,9,namecheap,,,19/09/2026 20:25
8739d1d7-6efc-42ad-a6ac-0135a580cbc1,benthos.one,available,9.48,30.98,medium,low,7,namecheap,,,23/09/2026 08:45
9d96979b-96ff-40df-a539-69dd93f4b1f9,vicksburg.one,available,7.99,24.75,medium,low,9,namesilo,,,28/09/2026 03:05
0ff23989-73b5-42e5-a130-a8dfe7df34cf,profanely.one,available,7.99,24.75,low,low,9,namesilo,,,15/09/2026 21:40
202b10b6-facc-46a2-9eb2-addfd5b15fa0,granicus.one,available,7.99,24.75,medium,low,8,namesilo,,,22/09/2026 15:08
ad459c4b-cf31-4acf-a0ab-94fbff8a7400,adjacency.one,available,7.99,24.75,medium,low,9,namesilo,,,17/09/2026 08:24
3f9bd630-7e01-4279-bee7-548b61d43968,sousaphone.one,available,9.48,30.98,medium,low,10,namecheap,,,22/09/2026 11:51
8dfdaef8-0d6e-45dc-af48-32bc3d38aaaf,skateboarding.one,premium,625,,medium,low,13,name.com,,,
c47c9b82-1bd3-4c39-8a78-36ad71619c0b,warmly.one,available,7.99,24.75,high,low,6,namesilo,,,13/09/2026 08:17
e8f33a66-78e5-44e0-9b1e-65365c5aa257,exaggerate.one,available,3.49,24.75,high,low,10,namesilo,,,
ead273bc-7ceb-4c06-a2a1-b121c0e1044f,bypast.one,available,7.99,24.75,medium,low,6,namesilo,,,11/08/2026 12:08
239df63f-5e20-4275-b658-62ede3b8d6b3,capone.one,available,30.98,,medium,low,6,namecheap,,,
a8e99d6a-a5e1-47d4-9429-353f7a517dc4,claims.one,premium,650,650,high,low,6,namecheap,,,25/09/2026 20:29
75b040b6-565b-49b4-8496-3641dd014022,unsugared.one,available,7.99,24.75,low,low,9,namesilo,,,12/09/2026 20:48
fefe4ba4-fb3f-4278-ac2e-0aec3c193dc0,quotidian.one,available,7.99,24.75,medium,low,9,namesilo,,,17/08/2026 14:57
e353af3d-3562-4c9c-ad84-54b5f1b83a84,pineal.one,available,7.99,24.75,high,medium,6,namesilo,,,08/09/2026 19:44
c412e352-8da1-42cb-86c4-59445ca45fb6,witloof.one,available,7.99,24.75,medium,low,7,namesilo,,,23/09/2026 05:01
57f8ae31-b466-45de-aff7-a51da39d2397,armagnac.one,available,7.99,24.75,medium,low,8,namesilo,,,20/09/2026 06:29
8423b87c-f08e-46a6-b9cd-d61302e382a8,dominated.one,available,7.99,24.75,medium,low,9,namesilo,,,24/09/2026 11:35
f76ce730-afc8-4f2b-b06d-24a4b11fa1bf,bitt.one,available,9.48,30.98,medium,low,4,namecheap,,,23/09/2026 22:49
87169fca-4d4e-449c-9d98-6e1e30febab0,fork.one,resell,,,high,low,4,Dynadot Inc,18/07/2023 12:26,18/07/2028 12:26,26/09/2026 06:12
581203a5-856f-40b0-b7e8-d0cbeef8ba0c,mendelian.one,available,9.48,30.98,medium,low,9,namecheap,,,24/08/2026 20:06
d25d0050-cfe4-4a7e-a578-94672030bc5d,aesthesis.one,available,9.48,30.98,medium,low,9,namecheap,,,17/09/2026 13:32
3145934c-7c46-4c20-b85f-f39063b023d3,governable.one,available,7.99,24.75,medium,low,10,namesilo,,,12/08/2026 23:44
13eaf5a8-5ab5-4506-886a-0c73b22f5897,hokey.one,available,7.99,24.75,medium,low,5,namesilo,,,09/08/2026 00:37
18cfe23a-9f1c-435a-906c-c8cf8f69bc12,heads.one,resell,,,high,low,5,Dynadot Inc,20/09/2024 08:17,20/09/2027 08:17,26/09/2026 06:36
013fdfeb-be54-43c7-a4ec-74c0bcf979db,assignee.one,available,7.99,24.75,medium,low,8,namesilo,,,20/09/2026 16:23
c2108bde-b508-4074-9c6b-558abf8380af,statue.one,resell,,,high,low,6,Porkbun,06/06/2022 14:02,06/06/2027 14:02,26/09/2026 09:17
271d13c6-7d1a-41ca-b02d-bff0c8e1ed5e,apparent.one,available,7.99,24.75,high,low,8,namesilo,,,06/08/2026 05:08
775e78a1-872a-4ea6-9054-ec2f179c5435,incensed.one,available,7.99,24.75,medium,low,8,namesilo,,,22/08/2026 01:01
3c191fdd-e917-4e7d-945f-a1990b18ce24,totipotent.one,available,9.48,30.98,medium,low,10,namecheap,,,11/09/2026 18:12
d95aca7e-b921-4e33-bd93-ae9905660657,newfound.one,available,3.99,,medium,low,9,name.com,,,
81b8ca32-8c54-4bac-8404-d64f6216670c,ignoble.one,available,9.48,30.98,medium,low,7,namecheap,,,21/08/2026 18:23
3f95ff00-70a5-4550-8e8c-0c56f82ca358,commercial.one,premium,640,640,high,low,10,namesilo,,,27/09/2026 02:31
52f7fd92-1017-40fc-b58e-989c50a15df8,refused.one,available,7.99,24.75,medium,low,7,namesilo,,,18/09/2026 13:40
37e1bc95-d1ae-4e83-9be4-d2c1884d9975,pianoforte.one,available,9.48,30.98,high,medium,10,namecheap,,,08/09/2026 19:29
514f4898-3276-43fd-8f5a-77b0be1f9bce,bigot.one,available,7.99,24.75,medium,low,5,namesilo,,,23/09/2026 15:20
576aa034-35f6-4c76-95e7-66a105b586c2,garbanzo.one,available,7.99,24.75,medium,low,8,namesilo,,,24/09/2026 14:31
43366848-8b8a-479d-89d9-eaead37005a2,exacting.one,available,7.99,24.75,medium,low,8,namesilo,,,17/08/2026 15:32
2e2470a6-0558-4bc3-b578-ec0abd0dbba7,refractive.one,available,7.99,24.75,medium,low,10,namesilo,,,13/08/2026 23:32
099ddff1-4591-4465-ac25-7b73b429c8e8,arrester.one,available,7.99,24.75,medium,low,8,namesilo,,,20/09/2026 09:09
34337d87-7433-4398-a18a-c1d4f769c02e,ridden.one,available,3.49,24.75,high,low,6,namesilo,,,
fb74ec96-0916-485d-9726-1f53e9c0b78f,offstage.one,available,7.99,24.75,high,low,8,namesilo,,,08/08/2026 06:14
87c5ceca-96ab-4bc9-9e4f-db707d481986,thereafter.one,available,7.99,24.75,high,low,10,namesilo,,,16/09/2026 08:38
63527251-3b71-4b98-813a-b0173a4d2177,pupillary.one,available,7.99,24.75,high,medium,9,namesilo,,,09/09/2026 06:08
10a935a7-ab60-40c6-8fb6-8684b6efb436,rope.one,resell,,,high,low,4,Dynadot Inc,02/05/2026 00:01,02/05/2027 00:01,26/09/2026 08:44
5da2f14e-539e-4b6e-b0db-769dd714c20a,retracted.one,available,7.99,24.75,medium,low,9,namesilo,,,27/09/2026 13:32
f12ae9de-26a5-48c5-ac40-01aa3515cbb4,prostate.one,available,7.99,24.75,high,low,8,namesilo,,,09/09/2026 03:47
a58accf9-a6b9-4b08-8ffe-9715bf22fde1,genovese.one,available,7.99,24.75,medium,low,8,namesilo,,,18/08/2026 21:49
09e7ed38-1083-46eb-b823-74c2bc95cb6b,what.one,premium,6250,,high,low,4,name.com,,,
393d54df-2584-4639-b9d7-cc1914bb8db6,deletion.one,available,9.48,30.98,medium,low,8,namecheap,,,24/09/2026 21:34
bed7e148-0132-4e59-a07e-26c1ee3ed179,screams.one,available,7.99,24.75,medium,low,7,namesilo,,,28/09/2026 00:29
3636cb06-63fa-452c-8a98-e4c50118a526,yellow.one,premium,640,640,high,medium,6,namesilo,,,23/09/2026 14:15
5b767e7f-75ee-4278-91f3-a7f10459693e,clunky.one,available,7.99,24.75,medium,low,6,namesilo,,,12/08/2026 13:08
19fe3857-9ce7-40bf-823b-3d585e43f8b2,wrenching.one,available,7.99,24.75,medium,low,9,namesilo,,,09/09/2026 09:27
09fa389a-c4ce-432b-b19b-f83f3598d634,eulogy.one,available,7.99,24.75,high,low,6,namesilo,,,05/09/2026 00:43
86b858c7-6bf5-4541-a205-59054bc5cb86,makeover.one,available,3.49,24.75,high,low,9,namesilo,,,
806860d7-09e6-450e-a81b-9943e7128577,licensed.one,premium,640,640,high,low,8,namesilo,,,19/09/2026 16:56
f67bcb2f-4605-4edd-97a6-1b127d5b5266,tearful.one,available,7.99,24.75,medium,low,7,namesilo,,,14/08/2026 15:35
851a66c2-8154-4860-9b65-41198b4ee64f,pasted.one,available,7.99,24.75,high,low,6,namesilo,,,20/08/2026 15:14
385d48c7-f366-4efb-9ae1-4dbd2baad295,computerized.one,available,9.48,30.98,high,low,12,namecheap,,,28/09/2026 02:46
ceda77bc-9245-4885-a236-d7d2f9058420,calculator.one,premium,640,640,high,medium,10,namesilo,,,24/09/2026 11:42
e7a6de9c-9c03-4545-8914-52970b7e331b,numberless.one,available,7.99,24.75,high,low,10,namesilo,,,13/08/2026 03:42
81f275e1-80af-4787-917b-0540fd4b95ea,valentine.one,premium,640,640,high,low,9,namesilo,,,26/09/2026 00:29
7632b4ee-54aa-4156-8bc9-858a2a6a0e5a,guffaw.one,available,7.99,24.75,high,low,6,namesilo,,,23/09/2026 06:41
29158b53-dad7-4124-9e9e-d8a1df1bf68b,potentiality.one,available,3.49,24.75,high,low,12,namesilo,,,
94e2566a-b5f6-4088-8425-70fa87e7b8b1,ringtail.one,available,9.48,30.98,medium,low,8,namecheap,,,22/09/2026 12:08
2d66654e-ba84-41ab-9552-7112dab8d8ea,aflcio.one,available,7.99,24.75,medium,low,7,namesilo,,,17/09/2026 15:05
4e6c5732-c84f-4c7c-af9c-a39dab812172,abstracted.one,available,7.99,24.75,medium,low,10,namesilo,,,
37c82963-a63c-4311-b635-b657a1bf02f0,coeval.one,available,7.99,24.75,medium,low,6,namesilo,,,12/08/2026 15:28
7fececd2-68bb-4754-b336-928248c3723a,follower.one,available,3.49,24.75,high,low,8,namesilo,,,
47f65931-d147-4f64-a908-ae68707f1ac4,accuracy.one,resell,,,high,low,8,Dynadot Inc,01/06/2026 00:00,01/06/2027 00:00,26/09/2026 01:20
e6cb25ba-06ff-4ce2-aa4e-0536d6d88e28,recommend.one,resell,,,high,low,9,"Spaceship, Inc.",12/01/2025 21:35,12/01/2027 21:35,26/09/2026 08:32
2e8737e4-40f3-4f10-a015-ee4be07a213b,vehement.one,available,7.99,24.75,medium,low,8,namesilo,,,11/09/2026 09:44
baddd206-62b6-4720-a0d8-03fdc7253e2c,toffee.one,available,7.99,24.75,high,low,6,namesilo,,,25/09/2026 14:49
8c23cbab-795b-4866-8e12-b261b21535b7,unitedly.one,available,7.99,24.75,medium,low,8,namesilo,,,16/09/2026 10:08
d226833b-3bcd-4f84-9a50-4e053b187a40,ethyne.one,available,7.99,24.75,medium,low,6,namesilo,,,17/09/2026 00:23
6f2f5e60-912c-4a8e-b840-0b78c225263e,potty.one,available,7.99,24.75,high,low,5,namesilo,,,16/08/2026 21:14
75873727-ea3e-4817-82db-0b4739ec0e6a,integrated.one,premium,640,640,high,low,10,namesilo,,,25/09/2026 08:05
b1a3b73b-9695-4d2d-b73f-474d820aa61a,arranger.one,available,7.99,24.75,medium,low,8,namesilo,,,17/09/2026 06:29
716b8174-bda5-4a57-881d-6812a5093d25,canasta.one,available,7.99,24.75,medium,low,7,namesilo,,,22/09/2026 11:16
cbac75d5-5823-4111-a1ed-c1ee6b7c1143,lammas.one,available,7.99,24.75,medium,low,6,namesilo,,,21/09/2026 03:43
f7747a60-d774-46f2-9d9b-4f550abdb641,original.one,premium,6900,6900,high,low,8,namesilo,,,26/09/2026 00:32
8b57f149-32ce-426f-8f93-0bbc861e607a,exalt.one,available,,,high,low,5,,,,
e4dece58-49b2-42ae-9107-472331f78456,larboard.one,available,9.48,30.98,medium,low,8,namecheap,,,22/08/2026 19:51
13c3e9d1-b4cf-4866-96e5-aa62f37a53c9,lazuline.one,available,7.99,24.75,medium,low,8,namesilo,,,08/08/2026 03:18
71863493-e17e-4f6b-9a76-a69d6925c7fa,asterope.one,available,7.99,24.75,low,low,8,namesilo,,,20/09/2026 17:16
b6481286-92ec-4ec9-8244-b7b103662501,unleavened.one,available,7.99,24.75,medium,low,10,namesilo,,,12/09/2026 14:46
df50c70d-ee14-4dd6-b9e0-c0ef752a9105,louse.one,available,9.48,30.98,medium,low,5,namecheap,,,23/09/2026 20:00
9b0c50c1-cc70-4e7f-985b-08934024d9d5,critique.one,available,7.99,24.75,high,low,8,namesilo,,,25/09/2026 09:11
d57dd851-16ee-49db-91ee-9aafc8fc31e6,made.one,premium,6900,6900,high,medium,4,namesilo,,,25/09/2026 16:01
f8a7ed9a-7720-446a-b8ff-284eae846b52,envisioned.one,available,7.99,24.75,high,low,10,namesilo,,,24/09/2026 14:18
0f8f3995-fecb-471b-93be-7048e7f03191,algal.one,available,7.99,24.75,medium,low,5,namesilo,,,
e0f2836d-e8c1-49ec-a86d-6f938bc5c310,alexandria.one,resell,,,high,low,10,Porkbun,24/07/2020 13:43,24/07/2027 13:43,26/09/2026 03:47
cdb185eb-ab62-406e-880d-74bba8daa420,contorted.one,available,7.99,24.75,medium,low,9,namesilo,,,12/08/2026 23:22
07b1ba54-05a5-456b-a5c2-7e499e4bbdcf,authoriser.one,available,7.99,24.75,medium,low,10,namesilo,,,21/09/2026 05:16
a230b6fa-ca5a-422e-b827-26d04a0d1bda,abstention.one,available,9.48,30.98,medium,low,10,namecheap,,,16/09/2026 18:27
9661b84a-7a44-4d7c-9ec9-3c99a75d8ccf,fanny.one,available,7.99,24.75,medium,low,5,namesilo,,,09/08/2026 12:00
cc096972-da93-44f8-a6ce-35ede984efad,propose.one,available,3.49,24.75,high,low,7,namesilo,,,
46c13361-9619-40d6-ba83-c3293e012ac6,nestorian.one,available,7.99,24.75,medium,low,9,namesilo,,,03/09/2026 15:50
20022f6d-16ad-4bf1-a7ab-7fb75ac5f7ea,ruffian.one,available,7.99,24.75,medium,low,7,namesilo,,,11/08/2026 08:41
fa159369-42d6-4c7b-bece-b240926bc795,mousey.one,available,7.99,24.75,medium,low,6,namesilo,,,25/08/2026 08:44
79657cb9-e5f7-4f8d-99cc-8e875e74e385,shortish.one,available,7.99,24.75,high,medium,8,namesilo,,,10/09/2026 06:50
0c0867e2-9076-410b-aa51-403eb046fc9e,bilby.one,available,7.99,24.75,medium,low,5,namesilo,,,23/09/2026 15:40
f4a02ff0-06ea-4525-854a-feb9c828c309,unfailing.one,available,7.99,24.75,high,low,9,namesilo,,,18/08/2026 10:39
a90a8e14-2f13-4077-8a3c-1ea38b2100ef,arachnida.one,available,7.99,24.75,medium,low,9,namesilo,,,19/09/2026 23:41
15a19cd2-86b3-4931-8db3-4cace97601df,attested.one,available,7.99,24.75,medium,low,8,namesilo,,,07/08/2026 15:41
0af175a0-891f-44e7-becf-cbc8fb402903,yearly.one,available,3.49,24.75,high,low,6,namesilo,,,
a79a88d5-d055-42d2-8a59-9b1240dfd288,assuredly.one,available,7.99,24.75,medium,low,9,namesilo,,,13/09/2026 22:09
b3a6eb05-c30f-47d1-b66d-b9d8a9b2e808,dazed.one,available,11.99,30.99,medium,low,5,name.com,,,13/08/2026 18:53
4396e080-27f8-460a-b130-e16c8b4fc911,wiccan.one,available,7.99,24.75,medium,low,6,namesilo,,,13/09/2026 11:46
40ce8f9c-b24c-4498-b77a-032e602260a0,alizarin.one,available,7.99,24.75,medium,low,8,namesilo,,,18/09/2026 08:12
2e9450d3-46d3-4fe1-9dc9-8c4885ebb33c,bay.one,premium,625,625,high,low,3,name.com,,,09/08/2026 02:26
4974ccf5-7f58-420e-8fcd-8a2e54b195fc,nyc.one,premium,6250,,high,medium,3,name.com,,,
2eaa1ae6-3824-4c84-8a1b-a7e919660a2c,pudendal.one,available,7.99,24.75,medium,low,8,namesilo,,,09/09/2026 05:28
6e559ffc-444a-4ad7-9122-9bd5569403ba,abutter.one,available,9.48,30.98,medium,low,7,namecheap,,,16/09/2026 19:36
858e2f48-dac9-474b-b2d2-7a9ad79c7a90,knows.one,available,7.99,24.75,medium,low,5,namesilo,,,25/09/2026 02:31
e0c1d260-4fe9-4294-bc2b-66c3c9e61fa6,extraneous.one,available,9.48,30.98,medium,low,10,namecheap,,,17/08/2026 19:20
773745bc-bc2c-4a70-a65f-a78e49815403,taliban.one,available,7.99,24.75,high,low,7,namesilo,,,27/09/2026 05:35
598ca317-324a-4352-a758-f569967913b0,fontenoy.one,available,7.99,24.75,medium,low,8,namesilo,,,22/09/2026 15:04
f24fc1a0-0139-487f-86b1-53506ba8e2a6,abyla.one,available,9.48,30.98,medium,low,5,namecheap,,,16/09/2026 15:53
9395b9eb-b423-4586-b86d-7d077f51df82,backbeat.one,available,7.99,24.75,high,low,8,namesilo,,,21/09/2026 14:59
7fd008f5-33a3-4480-b47d-4b953b597f3f,peeled.one,available,7.99,24.75,medium,low,6,namesilo,,,08/08/2026 18:24
33eb25e2-a7dc-4b9a-91c5-e879adef53a6,fluorine.one,available,7.99,24.75,medium,low,8,namesilo,,,21/09/2026 00:03
76409a60-d4fd-4ca3-bd0b-2efd9f8df85e,unruffled.one,available,9.48,30.98,high,medium,9,namecheap,,,08/09/2026 20:15
ebf9f464-a7a1-4b46-bf74-7c36c052381c,arranging.one,available,7.99,24.75,high,low,9,namesilo,,,20/09/2026 08:47
f31e7911-8dbe-4178-b2ca-abeda1349d81,pain.one,premium,625,,high,low,4,name.com,,,
569e0f0b-9204-4c1b-9c46-d5b2e3af8d37,bahrain.one,available,,,high,high,7,,,,
c615b7c7-265e-487a-8328-45c5a9807d2e,gratis.one,premium,625,625,high,low,6,name.com,,,20/08/2026 18:35
36c6fea9-f1e5-4d03-84ae-00442fd54ca5,acknowledged.one,available,3.99,,high,low,12,name.com,,,
ba2e1306-6697-413c-9633-ea4073ba63c0,tolerate.one,available,7.99,24.75,high,low,8,namesilo,,,24/09/2026 10:45
4a059fe7-d7f8-479f-976c-a96dc6beb149,barnburner.one,available,7.99,24.75,medium,low,10,namesilo,,,22/09/2026 06:49
5ef44b55-9c5b-426d-8aea-ee01b17f0781,jejune.one,available,7.99,24.75,medium,low,6,namesilo,,,22/08/2026 12:45
8056047d-8e09-4a65-aa60-781dee98248e,overpriced.one,available,9.48,30.98,medium,low,10,namecheap,,,04/09/2026 21:26
1e17f661-7587-4557-9778-ccd2b82295f4,extinction.one,available,3.49,24.75,medium,low,10,namesilo,,,
97dd0784-13e2-47e3-9477-3cf8ae2a6c9d,tasking.one,resell,,,medium,low,7,"GoDaddy.com, LLC",15/01/2023 12:22,15/01/2027 12:22,26/09/2026 09:31
88317b75-e0d4-4f50-a298-640714dada2d,expression.one,resell,,,high,low,10,Dynadot Inc,20/04/2026 00:00,20/04/2027 00:00,26/09/2026 05:58
bda9550c-92e0-4a2e-af9e-92a5ce3b5f04,upraised.one,available,7.99,24.75,medium,low,8,namesilo,,,23/08/2026 01:53
687db2ce-beb4-4033-aa20-d33e93d882d2,frill.one,available,7.99,24.75,high,low,5,namesilo,,,18/08/2026 23:46
a88f663c-fb41-41ad-b18a-b249f7e2b147,holmium.one,available,7.99,24.75,medium,low,7,namesilo,,,20/09/2026 23:31
8d78498d-d019-462f-aaab-c65bf8d0703f,argive.one,available,7.99,24.75,medium,low,6,namesilo,,,06/08/2026 18:27
323a1105-7680-4449-b2b5-8fe1bcb50966,politicians.one,available,7.99,24.75,medium,low,11,namesilo,,,19/09/2026 23:03
1e870310-7ae0-4589-a009-8426b7969338,nihilist.one,available,7.99,24.75,medium,low,8,namesilo,,,19/09/2026 02:26
ca6c0ee3-0d62-44e2-a0cf-50dbe2ce0e88,ill.one,premium,640,640,high,low,3,namesilo,,,25/09/2026 07:33
81ef15ed-4cb2-45a0-8572-1e0180753253,glaswegian.one,available,7.99,24.75,high,low,10,namesilo,,,20/08/2026 14:14
6bfd887f-eedd-45b3-9ab6-c7ac1d38459e,stupidity.one,available,7.99,24.75,medium,low,9,namesilo,,,23/09/2026 11:18
c05189d5-9671-419d-9f82-31cc535de518,heated.one,available,7.99,24.75,medium,low,6,namesilo,,,21/08/2026 02:17
1c51165a-b494-43ac-a751-1c7cf71a3278,circumstances.one,available,7.99,24.75,medium,low,13,namesilo,,,27/09/2026 02:27
e27f1f20-2e77-421f-b679-7c78d5c865c9,esophageal.one,available,7.99,24.75,medium,low,10,namesilo,,,17/08/2026 13:16
835eed0b-4d59-4250-96fa-fc63ce56d79b,protecting.one,available,7.99,24.75,medium,low,10,namesilo,,,27/09/2026 02:52
f3a9003d-57a2-4186-b2e5-ba8327c16068,unpaved.one,available,7.99,24.75,medium,low,7,namesilo,,,12/09/2026 16:34
8722df76-b013-4a0a-abc9-cb32f02cb461,inappropriate.one,available,7.99,24.75,medium,low,13,namesilo,,,27/09/2026 16:59
a1e06e8a-dab8-471a-98cf-0d0f8ae1a38a,allowable.one,available,7.99,24.75,high,low,9,namesilo,,,
855d910e-bbaa-4882-9e8d-e79540ab57f1,unguided.one,available,7.99,24.75,medium,low,8,namesilo,,,12/09/2026 11:41
855680bd-8a6c-4873-8e6b-8cc79c20f040,starkly.one,available,7.99,24.75,medium,low,7,namesilo,,,16/09/2026 06:57
66c08881-f8a6-4edb-ac9b-6f30845c0944,easter.one,resell,,,high,low,6,Dynadot Inc,05/09/2026 15:44,05/09/2027 15:44,26/09/2026 05:44
88eb4bdd-a68d-4e39-bc57-0a43bfea8259,nibbed.one,available,7.99,24.75,medium,low,6,namesilo,,,03/09/2026 16:57
7c02c01c-ea74-405c-8edc-97be11cb43da,polynomial.one,available,7.99,24.75,high,low,10,namesilo,,,03/09/2026 10:48
231398c7-0404-4caa-bdc9-feaa8ae4448b,enlarged.one,available,9.48,30.98,high,low,8,namecheap,,,22/09/2026 22:37
5b6b6abe-dd7f-4ec1-a459-eb27fa926862,acinose.one,available,7.99,24.75,medium,low,7,namesilo,,,
d70ad664-120e-4e91-83f9-b89b49e7bd9f,airbrake.one,available,9.48,30.98,medium,low,8,namecheap,,,17/09/2026 22:58
a76fa616-80c4-4d78-9466-4595a54e0315,willfully.one,available,7.99,24.75,medium,low,9,namesilo,,,16/09/2026 11:30
f7ccf1ac-11e1-4a5b-b2ae-ac5b5d34ee25,avocet.one,available,7.99,24.75,medium,low,6,namesilo,,,21/09/2026 09:44
1f7534a6-43bd-4d47-940a-03efdd312523,daytime.one,available,3.99,,high,low,7,name.com,,,
0ecc7d5c-f666-4d09-936b-5f1b54e5190e,rousing.one,available,9.48,30.98,high,medium,7,namecheap,,,09/09/2026 19:05
35d2676c-48fb-4b5c-8dc8-c47d3a0ae727,logrolling.one,available,9.48,30.98,medium,low,10,namecheap,,,23/09/2026 20:50
d8059e9b-0cb7-47e1-b65f-abec373f6064,aigina.one,available,7.99,24.75,medium,low,6,namesilo,,,17/09/2026 12:15
17dbc974-7b01-48a9-9112-3f8e79ca36c3,hunger.one,available,7.99,24.75,high,low,6,namesilo,,,25/09/2026 10:59
09a98faa-0c34-487b-8613-e436bc038350,prokhorov.one,available,9.48,30.98,high,low,9,namecheap,,,18/09/2026 05:06
5bd9f91e-37fc-4514-b19d-14cb5b77b25d,homeric.one,available,7.99,24.75,medium,low,7,namesilo,,,08/09/2026 09:34
ce77c535-df64-4ad4-8168-22d266c67145,ophthalmic.one,available,7.99,24.75,medium,low,10,namesilo,,,04/09/2026 16:33
d2a71d03-b386-481b-9780-b6916d954b4f,foolhardy.one,available,7.99,24.75,medium,low,9,namesilo,,,18/08/2026 10:28
ea643fc1-33a5-4766-a004-89811f31b1c3,inaudible.one,available,7.99,24.75,medium,low,9,namesilo,,,22/08/2026 00:33
9c73c1b4-5f1e-490c-84b4-3dd1b9216fca,abradant.one,available,7.99,24.75,medium,low,8,namesilo,,,
7ae52e58-b802-4166-bbfd-e5b0a5ccdfea,unhearing.one,available,11.99,30.99,medium,low,9,name.com,,,13/08/2026 19:50
7ce6ef67-0b88-4c81-a86f-cb42083b4b46,spiked.one,available,7.99,24.75,high,medium,6,namesilo,,,10/09/2026 15:37
6ce2c622-ebd5-45c1-b4a6-d4ad58db5ff9,futureless.one,available,9.48,30.98,low,low,10,namecheap,,,18/08/2026 19:15
0dd71fcc-a7f1-4606-9aa2-06e66f3a5e28,aluminate.one,available,9.48,30.98,medium,low,9,namecheap,,,18/09/2026 15:13
e3cd6515-489b-4f03-ab5e-a38448740bdc,nimiety.one,available,7.99,24.75,medium,low,7,namesilo,,,17/08/2026 16:13
653dff3f-5946-4823-a237-fd120e021cb3,demure.one,available,7.99,24.75,high,low,6,namesilo,,,13/08/2026 04:10
eeab50fc-76cc-4829-8a43-3b69bdf5e29a,abdias.one,available,7.99,24.75,medium,low,6,namesilo,,,16/09/2026 14:41
1a460f5e-d06e-4678-869c-82d04be18d09,relies.one,available,9.48,30.98,medium,low,6,namecheap,,,20/09/2026 06:27
fd7b659f-3bf1-4e76-8857-12c56cb31f8d,sex.one,premium,6250,,high,medium,3,name.com,,,
55d963f6-529d-4951-b790-ef948526def5,elimination.one,available,6.69,20.08,high,low,11,porkbun,,,28/09/2026 02:39
c959af77-b8b8-44a8-8176-e8bccd661429,sheepshead.one,available,7.99,24.75,medium,low,10,namesilo,,,20/09/2026 02:29
1adfd305-e40f-4964-ab11-9d1c33c880ba,bayesian.one,available,7.99,24.75,medium,low,8,namesilo,,,09/08/2026 03:13
9afb3de1-9d36-4f19-a9d3-76164b021da0,concave.one,available,7.99,24.75,high,low,7,namesilo,,,12/08/2026 19:50
3712f55b-23b1-4d22-8607-b7f62d00dca4,affined.one,available,7.99,24.75,medium,low,7,namesilo,,,
a7cd1eca-a4d6-4458-9175-f5b6bde5e627,alienable.one,available,7.99,24.75,medium,low,9,namesilo,,,
f0fdba85-0a3b-4d89-9b42-add855c5fc89,hiemal.one,available,7.99,24.75,medium,low,6,namesilo,,,11/08/2026 06:40
58a6fdb0-abb6-4310-be7f-c9602a522a3c,palliative.one,available,,,high,low,10,,,,
1539aa7b-7bd0-40a3-b068-41774b89cfd7,mirrored.one,available,7.99,24.75,medium,low,8,namesilo,,,25/08/2026 01:11
88ac0429-86a7-4f6f-adc3-afa0617ec7e6,signally.one,available,7.99,24.75,medium,low,8,namesilo,,,16/09/2026 01:49
928244b2-30a4-4572-b089-b4bfd75b84a3,contemplation.one,available,7.99,24.75,medium,low,13,namesilo,,,16/09/2026 21:40
234e68c0-d9a2-4c3e-89f9-b80dc299e94e,adoringly.one,available,7.99,24.75,medium,low,9,namesilo,,,13/09/2026 17:23
a66405f6-ded4-4455-beab-cabe9e6e1987,bimbo.one,resell,,,high,low,5,Dynadot Inc,05/09/2026 15:44,05/09/2027 15:44,26/09/2026 04:25
33e3ab06-63ed-4af4-b555-3cc09e4456ae,core.one,resell,,,high,medium,4,"GoDaddy.com, LLC",11/05/2022 09:34,11/05/2027 09:34,26/09/2026 05:15
876f5cfb-0ad0-462b-bc5d-56372ec6961c,test.one,resell,,,high,high,4,"GoDaddy.com, LLC",29/01/2022 20:59,29/01/2027 20:59,26/09/2026 09:34
e416dce8-7e04-4b8f-b97a-53b4940b14cd,starlike.one,available,9.48,30.98,medium,low,8,namecheap,,,10/09/2026 18:54
e4b84359-b2a2-416f-96f2-8bc7c213cbb4,maps.one,premium,625,625,high,low,4,name.com,,,
4c040760-f898-4fa7-8248-06013c0d8297,aeriferous.one,available,7.99,24.75,medium,low,10,namesilo,,,
dab4dfae-e15b-4d27-bafd-d5592d16cf8c,browned.one,available,7.99,24.75,medium,low,7,namesilo,,,11/08/2026 06:29
4b5dbf48-9293-4599-b726-e9238ca27c83,binghamton.one,available,7.99,24.75,medium,low,10,namesilo,,,23/09/2026 17:34
34f2208f-12b4-4f45-b215-6eefde2040c0,briefing.one,available,,,high,low,8,,,,
e9442eaf-30b4-402b-a5f8-3c37b5037444,enjoyed.one,available,7.99,24.75,medium,low,7,namesilo,,,25/09/2026 20:42
bfb12bdd-554d-43c1-8b83-c61ffb6809fa,avuncular.one,available,7.99,24.75,medium,low,9,namesilo,,,07/08/2026 23:51
a2c9901b-4c15-46e1-bb20-c6d4797af48d,shattering.one,available,7.99,24.75,high,medium,10,namesilo,,,10/09/2026 06:06
db2227bd-6288-4dda-936b-a8de0dcea7be,papaw.one,available,7.99,24.75,medium,low,5,namesilo,,,20/09/2026 14:12
799df0e3-2faf-4c08-a03b-938ec7431f75,bialy.one,available,7.99,24.75,medium,low,5,namesilo,,,23/09/2026 12:41
956dd7bd-31b8-4d47-8180-63e423285cc2,peafowl.one,available,9.48,30.98,medium,low,7,namecheap,,,23/09/2026 20:05
19c8a551-8e8c-4a4c-af53-3a38f596df45,barque.one,available,7.99,24.75,high,low,6,namesilo,,,22/09/2026 07:48
55911bfb-5cc3-4dc9-b026-f12699360673,applicator.one,available,7.99,24.75,medium,low,10,namesilo,,,19/09/2026 21:55
99161b18-37e6-4387-9e28-8da672abce7a,acantha.one,available,9.48,30.98,medium,low,7,namecheap,,,16/09/2026 20:38
725f1108-f13c-470e-a507-aaff69cf998c,effluent.one,available,7.99,24.75,medium,low,8,namesilo,,,15/08/2026 14:47
3443fb22-dfdc-4074-ba5f-c4ee1f61a23e,bioko.one,available,9.48,30.98,medium,low,5,namecheap,,,23/09/2026 18:17
3ce3f38a-70d5-4703-9897-7cc840308124,bermudas.one,available,7.99,24.75,medium,low,8,namesilo,,,23/09/2026 09:44
76632760-3ba0-4854-8338-4a3521c64c33,alsatian.one,available,7.99,24.75,medium,low,8,namesilo,,,
27500096-b707-40cf-bdeb-c074bf52597b,horrid.one,available,7.99,24.75,medium,low,6,namesilo,,,21/08/2026 08:14
0eafc5e6-6dcb-46c8-aac3-a1fc3cac637d,alcidae.one,available,7.99,24.75,medium,low,7,namesilo,,,18/09/2026 04:02
bde62dec-f980-49af-ae81-4b8abdad520d,ablated.one,available,7.99,24.75,medium,low,7,namesilo,,,
b21a6489-fbab-4fe2-ba20-79f67502574e,phantasma.one,available,9.48,30.98,medium,low,9,namecheap,,,08/09/2026 18:38
186ad6cc-c6ff-4064-9889-5d515bea79c2,belatedly.one,available,9.48,30.98,medium,low,9,namecheap,,,22/08/2026 20:25
fd027f8a-9b1b-486c-b265-d8c8999d773b,gushy.one,available,9.48,30.98,high,low,5,namecheap,,,20/08/2026 21:03
99b82a48-9b5a-4fda-af0b-61b7bae6aa74,twisty.one,available,7.99,24.75,high,low,6,namesilo,,,11/09/2026 21:54
40494775-fe36-4bd2-bc20-cbe32a99dfe3,unhampered.one,available,7.99,24.75,medium,low,10,namesilo,,,12/09/2026 11:51
0271666b-e2dd-4d08-801b-47f4744bde82,afflatus.one,available,7.99,24.75,medium,low,8,namesilo,,,17/09/2026 14:39
47847cac-57a6-4abd-8b50-5084e6606c0e,bachelor.one,premium,625,,high,low,8,name.com,,,
6bcf68b8-0d52-4252-abdd-7cd4dd05df59,vacuum.one,premium,625,,high,low,6,name.com,,,
501df198-9169-4785-a07f-d6ab5a306324,binet.one,available,9.48,30.98,medium,low,5,namecheap,,,18/09/2026 06:25
a388ef2b-3f2c-43d6-82cd-2e000f95ccd7,incipient.one,available,7.99,24.75,medium,low,9,namesilo,,,22/08/2026 01:14
25cc8248-8245-48d4-b9fc-e7242348c5a0,tinkly.one,available,7.99,24.75,medium,low,6,namesilo,,,11/09/2026 16:15
e9cc4be1-c493-4263-8fda-3ace5eca80f4,alienage.one,available,9.48,30.98,medium,low,8,namecheap,,,18/09/2026 07:33
b54387c4-e460-4054-a61a-655c6047044e,bitterroot.one,available,9.48,30.98,medium,low,10,namecheap,,,23/09/2026 23:08
22fe80d2-4f79-4555-b0ee-9253e32ef87a,endermic.one,available,7.99,24.75,medium,low,8,namesilo,,,17/08/2026 00:56
f91254b1-6377-42c5-ad7c-45ba84c53ede,proverbial.one,available,7.99,24.75,high,low,10,namesilo,,,09/09/2026 04:32
4468e10a-b769-4c4f-b844-d1c81d5b9ade,sumatran.one,available,7.99,24.75,medium,low,8,namesilo,,,11/09/2026 01:31
67f6d35b-95b1-49e3-b83b-d11aff41a61a,nervous.one,available,7.99,24.75,medium,low,7,namesilo,,,21/09/2026 22:02
b3e0b698-6ae7-4c02-9bad-7ff03f7796e8,pyemic.one,available,7.99,24.75,high,medium,6,namesilo,,,09/09/2026 06:48
2d1a462d-7c24-4a1b-a6f0-b626d8c90bdd,stealing.one,available,7.99,24.75,medium,low,8,namesilo,,,11/09/2026 13:24
c5f757ac-7021-4261-a539-cc13faec750d,sleeveless.one,available,7.99,24.75,medium,low,10,namesilo,,,10/08/2026 19:41
79e74bbe-fc0f-452d-9e01-bbc099dcdbea,salts.one,available,7.99,24.75,medium,low,5,namesilo,,,20/09/2026 01:25
6e20e432-98d5-4bb2-811b-5c954af9cf85,frowning.one,available,7.99,24.75,medium,low,8,namesilo,,,18/08/2026 16:40
ed05f579-e22c-4434-bc5f-4e4a5b6384b6,rainless.one,available,7.99,24.75,high,medium,8,namesilo,,,09/09/2026 09:46
598f723d-fd23-411d-8ecb-b4044b6dc0ba,tress.one,available,11.99,30.99,medium,low,5,name.com,,,24/09/2026 07:57
a374b902-60b8-4218-b4b8-35f1ae9f2b54,achaean.one,available,7.99,24.75,medium,low,7,namesilo,,,
aa9e08dc-e084-4254-9a0c-258cdfdfcd38,painting.one,premium,6900,6900,high,low,8,namesilo,,,25/09/2026 07:33
4caf1fc8-d407-41ea-9df9-44e640636f58,repeatedly.one,available,7.99,24.75,medium,low,10,namesilo,,,15/09/2026 23:12
63856905-e183-434c-bb3e-c57915860f7c,oversee.one,available,3.49,24.75,high,low,7,namesilo,,,
82473065-8fa5-4159-a152-5d713bd8466b,unnerved.one,available,7.99,24.75,medium,low,8,namesilo,,,12/09/2026 15:54
3839ff9e-0633-4385-918c-61eb99209522,sevener.one,available,7.99,24.75,medium,low,7,namesilo,,,
cd93cf23-15a2-4a6f-8834-8c05732f8d05,vulvar.one,available,7.99,24.75,medium,low,6,namesilo,,,13/09/2026 07:29
ab97e405-a29b-45b3-90d4-0092d46bed86,germicide.one,available,7.99,24.75,medium,low,9,namesilo,,,
f81b0e7c-f7c4-4a19-bfc4-10f7ae5cfb77,blather.one,available,7.99,24.75,medium,low,7,namesilo,,,24/09/2026 04:46
5606b8d6-c706-4136-978d-96aae79977fa,sunup.one,available,7.99,24.75,high,low,5,namesilo,,,11/09/2026 02:09
e92ce873-266c-4277-8a51-e477feb152b9,elective.one,available,7.99,24.75,high,low,8,namesilo,,,16/08/2026 02:33
fcbe167b-60db-4acd-865e-c04a176aa7d3,tined.one,available,7.99,24.75,medium,low,5,namesilo,,,09/09/2026 03:20
5bb1a2cf-df34-4613-8967-2b759264c855,biopsy.one,available,9.48,30.98,high,low,6,namecheap,,,23/09/2026 18:55
529f5ba5-c331-4f99-bb69-dc9d3a373a28,exceeding.one,available,7.99,24.75,high,low,9,namesilo,,,17/08/2026 15:59
9731249f-28b2-4e2d-83b4-74ddb6691949,aramus.one,available,7.99,24.75,medium,low,6,namesilo,,,19/09/2026 23:57
36059a2d-3c7c-4c9a-b2e9-22a8f3f66096,jelly.one,resell,,,high,low,5,"GoDaddy.com, LLC",08/02/2021 14:22,08/02/2027 14:22,26/09/2026 06:59
700a2aa0-70d5-4972-9315-0cee903c9261,coupon.one,premium,640,640,high,low,6,namesilo,,,24/09/2026 18:44
52488efc-1fb4-49a9-9a55-918bccd3898d,slipped.one,available,7.99,24.75,high,low,7,namesilo,,,18/09/2026 02:25
fc4fd346-eeaa-46fa-9ca0-26b3402363b3,telluric.one,available,7.99,24.75,medium,low,8,namesilo,,,11/09/2026 10:39
b81a52ca-e2a7-4205-9900-5002cd9d3c99,messianic.one,available,9.48,30.98,medium,low,9,namecheap,,,24/08/2026 21:22
cafe8fa3-47c5-4855-9875-f2528f5b7727,pyogenic.one,available,7.99,24.75,high,medium,8,namesilo,,,09/09/2026 06:54
c46fbe8d-a0b6-4495-afa6-e7f40b3a0d50,favorably.one,available,9.48,30.98,medium,low,9,namecheap,,,14/09/2026 18:00
1c4baa98-2169-4ee4-b3bc-293cb50018a5,females.one,available,9.48,30.98,medium,low,7,namecheap,,,18/09/2026 19:27
0935933e-6743-432d-a4e4-872d80a76c68,antic.one,available,7.99,24.75,high,low,5,namesilo,,,
c030cc16-c0dc-43eb-a717-b05815f6d1a6,agdistis.one,available,7.99,24.75,medium,low,8,namesilo,,,17/09/2026 16:43
61c6344d-437d-4533-b89b-4a12660d1eb5,sesotho.one,available,7.99,24.75,medium,low,7,namesilo,,,22/09/2026 13:00
7ea7744f-34eb-4cbb-93bc-2a5e29ea0b73,snowed.one,available,7.99,24.75,medium,low,6,namesilo,,,20/09/2026 16:23
ff4f65b5-9a6b-416f-bcb5-b043fe6315d4,loot.one,resell,,,high,low,4,"NameSilo, LLC",21/01/2026 00:00,21/01/2027 00:00,26/09/2026 07:19
d0fb47d7-03a2-45af-a1f4-33b3b67b1749,allergenic.one,available,7.99,24.75,medium,low,10,namesilo,,,
0591b4c9-9431-487a-a5a1-ec9aa0a25701,chimpanzee.one,available,7.99,24.75,high,low,10,namesilo,,,24/09/2026 14:39
4a14aeff-a581-454d-9ee9-31f6aadb1201,antilog.one,available,7.99,24.75,medium,low,7,namesilo,,,19/09/2026 14:38
4cc1455a-737f-445b-a0f5-055446b8c2cf,introduced.one,available,3.49,24.75,high,low,10,namesilo,,,
89435ad4-36ac-4433-bb54-acf31e7b224e,elongate.one,available,7.99,24.75,high,low,8,namesilo,,,16/08/2026 05:24
83dd0b71-ca05-4964-9aa1-2131ef1b7eff,eyry.one,available,7.99,24.75,high,low,4,namesilo,,,
abe40368-db57-4f68-ac5d-fc3527f16c5d,thud.one,available,7.99,24.75,medium,low,4,namesilo,,,11/09/2026 15:12
773d2d0e-b134-4019-aeca-35413eeecdef,assuring.one,available,7.99,24.75,medium,low,8,namesilo,,,07/08/2026 08:31
d482fe67-9806-481f-9915-6cb15e03fd50,ditto.one,resell,,,high,low,5,Dynadot Inc,06/08/2022 20:39,06/08/2027 20:39,26/09/2026 05:36
1c72a7fc-d023-4882-b9bc-b07bc1bf5ce8,poulet.one,available,7.99,24.75,medium,low,6,namesilo,,,12/08/2026 04:55
e39e18dc-81ad-40e9-8a3f-3a019b593c00,montreal.one,resell,,,high,low,8,Dynadot Inc,28/12/2025 00:02,28/12/2026 00:02,26/09/2026 07:37
62624a1e-628f-48ae-bcf3-a80b19c588cb,assigned.one,available,7.99,24.75,medium,low,8,namesilo,,,07/08/2026 06:35
92b0367e-468a-4533-8db8-689baee52761,queenlike.one,available,7.99,24.75,medium,low,9,namesilo,,,09/09/2026 07:54
24b887c0-3c23-4ae0-a7d3-d2330958de4a,wulfila.one,available,7.99,24.75,medium,low,7,namesilo,,,23/09/2026 21:57
b200d63a-ffe3-466f-b6a3-221311a3088e,squinch.one,available,9.48,30.98,low,low,7,namecheap,,,10/09/2026 17:51
cc351363-938a-47d3-9cd9-739a62436395,astasia.one,available,7.99,24.75,medium,low,7,namesilo,,,20/09/2026 16:54
99ed639e-e0aa-4080-9c2e-f41e6ec4a135,guinean.one,available,9.48,30.98,medium,low,7,namecheap,,,20/08/2026 20:52
f11defdf-2c9b-4056-8578-abc95c7fe22b,amber.one,resell,,,high,low,5,"NameCheap, Inc.",28/12/2023 02:54,28/12/2026 02:54,26/09/2026 03:50
16c1edc9-f603-447a-bc3b-22f7563d2c81,homologous.one,available,7.99,24.75,medium,low,10,namesilo,,,21/08/2026 12:58
4b109975-2c13-4d84-b2ca-e1a5ff927d0f,unwearable.one,available,7.99,24.75,medium,low,10,namesilo,,,12/09/2026 22:31
3f06884e-7a86-4aaa-8d74-d6e25edb93bf,prosthetic.one,available,7.99,24.75,high,low,10,namesilo,,,09/09/2026 03:55
37e52ae0-3dd8-4add-81b8-3bfca423b3f8,topologic.one,available,9.48,30.98,medium,low,9,namecheap,,,11/09/2026 17:52
49388880-3410-482b-a494-993b63fda508,neckless.one,available,7.99,24.75,low,low,8,namesilo,,,03/09/2026 14:41
2fd1ff56-5b02-4aec-94de-ad20daf16aba,pushy.one,available,7.99,24.75,high,medium,5,namesilo,,,09/09/2026 06:37
46837688-7b46-4406-af13-1fd521789bf9,arranged.one,available,7.99,24.75,high,low,8,namesilo,,,22/09/2026 08:25
7f9cb502-f195-4a55-bee5-31f8aadb9f2d,uninsured.one,available,7.99,24.75,medium,low,9,namesilo,,,12/09/2026 13:28
716da446-c2c6-45fb-a3b1-38228b66ce3b,bulla.one,available,7.99,24.75,medium,low,5,namesilo,,,24/09/2026 05:20
e869d1f0-20a2-4e5c-9f79-4456043e0fe6,embryonic.one,available,7.99,24.75,medium,low,9,namesilo,,,16/08/2026 13:28
58d31d5e-50bd-4a0d-bd51-aa4da0f330a7,practitioners.one,available,7.99,24.75,medium,low,13,namesilo,,,20/09/2026 23:01
a3930a37-8981-409e-a03f-319d41008010,toying.one,available,3.49,24.75,medium,low,6,namesilo,,,
3ecf8b0d-55a1-4fb2-b104-0ca67a174495,radcliffe.one,available,7.99,24.75,medium,low,9,namesilo,,,27/09/2026 07:53
37c5286a-ffa6-4daf-b1c6-dc2c225a11fa,loafer.one,available,7.99,24.75,medium,low,6,namesilo,,,14/08/2026 14:12
8353588e-d005-462e-b23b-6ed06e6a8e0b,boston.one,resell,,,high,low,6,Dynadot Inc,20/05/2015 12:00,20/05/2027 12:00,26/09/2026 04:33
7d827f91-5acd-42d9-9b85-f55cae8840c2,themselves.one,available,7.99,24.75,medium,low,10,namesilo,,,25/09/2026 16:52
68715d49-8d5c-4510-880e-ad9736e2beec,cancerous.one,available,7.99,24.75,medium,low,9,namesilo,,,11/08/2026 16:33
34f8bcff-2e68-4606-8c3e-12abcb3e4892,shooter.one,resell,,,medium,low,7,"Spaceship, Inc.",18/09/2026 03:31,18/09/2027 03:31,26/09/2026 08:59
ab9d3ed8-c734-4a4a-889f-fe592b727369,worse.one,available,3.49,24.75,high,low,5,namesilo,,,
a9b4b88d-8b0a-4df9-b132-6e025c023871,unhurried.one,available,7.99,24.75,medium,low,9,namesilo,,,12/09/2026 12:39
a0dac11c-8c7d-49e8-94df-4f3da526aac8,lucullan.one,available,7.99,24.75,medium,low,8,namesilo,,,24/08/2026 11:00
0e1bafe4-d770-462b-9b4a-1513e5c056ca,lapsed.one,available,7.99,24.75,medium,low,6,namesilo,,,22/08/2026 19:47
1c22eb55-966d-4815-b4e8-7d8b8b90ef01,pernicious.one,available,7.99,24.75,medium,low,10,namesilo,,,08/08/2026 12:01
f0f6a02a-9363-4baa-a0f9-d9cc83ed1b5a,populace.one,available,7.99,24.75,high,low,8,namesilo,,,09/09/2026 05:22
0396be38-aa50-4e72-af8e-c3f93e3f8c7e,gallium.one,available,7.99,24.75,medium,low,7,namesilo,,,20/09/2026 22:50
88d8ce44-b5e9-42f8-994f-624d6426b8ac,floodwaters.one,available,7.99,24.75,medium,low,11,namesilo,,,21/09/2026 03:37
ed506019-24c9-4a11-be89-987e3dd9e022,suffered.one,available,7.99,24.75,low,low,8,namesilo,,,27/09/2026 02:46
514434e9-9e6c-4689-9760-7c0393a2e24d,indication.one,available,9.48,30.98,high,low,10,namecheap,,,24/09/2026 21:52
1828ee93-a839-4abc-b4e2-5afcbdf87791,wingstem.one,available,7.99,24.75,low,low,8,namesilo,,,17/09/2026 04:57
ca5c60df-1b55-43d1-a57c-d6ea443bdfed,freudian.one,available,7.99,24.75,medium,low,8,namesilo,,,18/08/2026 15:26
1c58eddc-74f2-4497-bff3-d1153fedb3e2,actinia.one,available,7.99,24.75,medium,low,7,namesilo,,,17/09/2026 04:43
f3afec2d-7483-41a5-ba9d-9223d7d35e90,whammy.one,available,7.99,24.75,medium,low,6,namesilo,,,21/08/2026 07:39
d881655b-fd7a-4528-b986-8416272cc2ba,oxycontin.one,available,7.99,24.75,medium,low,9,namesilo,,,20/09/2026 00:25
901b1c50-2133-44ad-a9ad-7a7c60f19eda,lp.one,premium,1107,1107,high,low,3,namesilo,,,
c4a4d374-5a8d-4fc0-9f71-255b00787ccf,bunchy.one,available,7.99,24.75,medium,low,6,namesilo,,,11/08/2026 09:55
3abe2653-9cd2-4c8d-bb4e-ead1afc0ec38,firing.one,available,7.99,24.75,high,low,6,namesilo,,,27/09/2026 03:58
fba0e9a5-fad8-46e4-a4b7-517135dd8ac1,lissome.one,available,7.99,24.75,medium,low,7,namesilo,,,23/08/2026 23:39
559b0c44-6070-4f0a-a80f-9e6533a2d7eb,used.one,premium,6900,6900,high,low,4,namesilo,,,25/09/2026 07:44
1beb30e3-8a5f-40d1-89c0-7f9a93789ff1,belated.one,available,7.99,24.75,medium,low,7,namesilo,,,09/08/2026 12:37
662badac-a533-4eef-8a8d-648759c2c732,eat.one,premium,640,640,high,low,3,namesilo,,,25/09/2026 09:38
0599a0c2-1a8b-4a94-883b-4c06f9be185f,tearing.one,available,7.99,24.75,medium,low,7,namesilo,,,11/09/2026 09:42
18dd0270-0d0c-4a63-9c2f-b08d04c5e2ec,pony.one,resell,,,high,low,4,"NameCheap, Inc.",31/01/2024 00:02,31/01/2027 00:02,26/09/2026 08:14
c10ab628-4297-4a85-a775-e525b5c7b7db,kookie.one,available,9.48,30.98,medium,low,6,namecheap,,,06/08/2026 21:09
1202e176-6ea0-456f-8516-5f49c790b4e3,puckish.one,available,7.99,24.75,medium,low,7,namesilo,,,21/08/2026 22:29
48d99e39-156e-4560-aa87-cb1e492441a0,basement.one,premium,625,,high,low,8,name.com,,,
3a247b9b-6f91-4999-8109-1d9bc29812e5,adscript.one,available,7.99,24.75,medium,low,8,namesilo,,,
2f9c8ded-969d-4fdb-b693-13922561fdec,latest.one,premium,625,625,high,low,6,name.com,,,
5ddbc7b5-9695-4f51-9900-e42fb8ba2204,veinal.one,available,7.99,24.75,low,low,6,namesilo,,,13/09/2026 01:51
1fc11408-dac4-4409-89c2-4605eebfd697,expectable.one,available,9.48,30.98,medium,low,10,namecheap,,,17/08/2026 18:02
c0d6e5fe-415b-439b-b1c4-5317dea7d5c8,bronte.one,available,9.48,30.98,high,low,6,namecheap,,,19/09/2026 10:16
ddf22635-a7b3-45a7-9481-7b848f9eca7e,alarming.one,available,7.99,24.75,medium,low,8,namesilo,,,
e1a01690-70bf-4b5f-a987-6183e732ef43,serve.one,resell,,,high,low,5,Dynadot Inc,02/09/2017 17:57,02/09/2028 17:57,26/09/2026 08:56
32a661a6-79fc-4b0b-b949-85c141ccba33,utmost.one,resell,,,high,low,6,"Spaceship, Inc.",13/02/2026 06:01,13/02/2027 06:01,26/09/2026 09:55
48dc9da2-aba9-4d66-ad79-21f6ec6abdf0,adroitly.one,available,7.99,24.75,medium,low,8,namesilo,,,13/09/2026 17:25
b4e86d7d-9e1d-4ad7-b9ed-11934a6af8dd,berserk.one,available,,,medium,low,7,,,,
c9a197a5-379e-41e6-b045-5a27de26702a,erst.one,available,7.99,24.75,medium,low,4,namesilo,,,17/08/2026 13:07
46d6e390-f806-4fbf-b84f-0d66a66cf5db,throughout.one,available,7.99,24.75,medium,low,10,namesilo,,,17/08/2026 00:49
ddde2bf9-e95a-443d-b9b6-bf1b8bde4feb,coop.one,premium,625,625,high,low,5,name.com,,,13/08/2026 00:15
125c7add-4105-4e32-8b2f-0b14415e9380,silhouettes.one,available,7.99,24.75,medium,low,11,namesilo,,,20/09/2026 11:57
bfaa00b7-3e46-41dd-80a6-18b94f9ad327,exonerated.one,available,7.99,24.75,high,low,10,namesilo,,,
215501a0-47e2-482f-ad78-2b7627ea966b,mainly.one,available,3.49,24.75,high,low,6,namesilo,,,
105c7817-63a5-48cb-8d0a-4ec80b118858,incertain.one,available,7.99,24.75,medium,low,9,namesilo,,,22/08/2026 01:10
c77b9c5e-7d7f-437c-841a-6cb253c396d3,sudanese.one,available,7.99,24.75,high,low,8,namesilo,,,11/09/2026 01:05
fe7913d2-1b2a-4b2e-9d7b-16a5a1668684,smatter.one,available,7.99,24.75,medium,low,7,namesilo,,,24/09/2026 04:48
ff571143-2212-4762-b1fe-d4127dd7fc9d,amatory.one,available,7.99,24.75,medium,low,7,namesilo,,,
99800105-7a71-4b6d-a528-0dac502a17e7,mucose.one,available,7.99,24.75,medium,low,6,namesilo,,,03/09/2026 10:16
a9e57971-99e0-4ece-890b-159715bc1fb2,needfully.one,available,7.99,24.75,medium,low,9,namesilo,,,15/09/2026 16:20
c8396c6b-cbc0-4ef3-9487-41783cf561a3,playable.one,resell,,,high,low,8,Dynadot Inc,18/04/2025 00:00,18/04/2027 00:00,26/09/2026 08:12
914ce3ed-4e9c-433b-8a37-bd9ae7a7844c,threefold.one,available,7.99,24.75,medium,low,9,namesilo,,,14/08/2026 16:42
53de2231-0eb6-4d16-bc30-d0b1c0e091de,colorize.one,available,7.99,24.75,medium,low,8,namesilo,,,12/08/2026 17:34
879271b3-6ad5-41cd-ae12-d2ec7038af09,sloped.one,available,7.99,24.75,medium,low,6,namesilo,,,07/08/2026 04:26
6db62f78-ad55-479d-a6b1-af83e83bc3ce,farsighted.one,available,7.99,24.75,medium,low,10,namesilo,,,17/08/2026 22:41
c22320b3-4485-4f74-92c8-1b7bc7be1a65,induce.one,available,3.49,24.75,high,low,6,namesilo,,,
9cdcda94-6b83-4ed1-b3f9-e2c3afed195c,polynesian.one,available,7.99,24.75,high,low,10,namesilo,,,24/08/2026 13:48
763c6030-ff83-4d97-ab22-64a8dd021c37,replete.one,available,7.99,24.75,high,low,7,namesilo,,,09/09/2026 14:32
9210d516-2e17-4c87-8ea9-c99a2b07a358,afterbirth.one,available,7.99,24.75,medium,low,10,namesilo,,,17/09/2026 15:34
02a4c8c5-83e3-49ca-a46f-a355b18a9998,jaguars.one,available,7.99,24.75,medium,low,7,namesilo,,,20/09/2026 09:28
8bcdba45-e2ac-4f78-874c-4d5d786d45c5,peruvian.one,available,9.48,30.98,high,low,8,namecheap,,,08/09/2026 18:07
2367739b-114f-4a8b-8855-dae694250887,chorally.one,available,7.99,24.75,medium,low,8,namesilo,,,14/09/2026 06:49
ac9f4899-7577-4d4f-808e-085e1e7a71eb,ceric.one,available,7.99,24.75,medium,low,5,namesilo,,,12/08/2026 00:39
064c5dd7-4547-4270-bb1f-6d63b6cfaf87,kanaf.one,available,7.99,24.75,medium,low,5,namesilo,,,23/09/2026 16:56
92e134c5-fe67-43e3-9fa7-08e8af0d4e98,consultive.one,available,7.99,24.75,high,low,10,namesilo,,,
a4c3a1c6-0e7d-4ec8-9532-cb66beca971c,aquanaut.one,available,7.99,24.75,medium,low,8,namesilo,,,19/09/2026 22:57
ae242dc7-a79e-4755-9ff3-067788be9a2c,abrachia.one,available,7.99,24.75,medium,low,8,namesilo,,,16/09/2026 16:47
a8401e67-2a8b-44ba-9ed3-a66ae6d60c96,roll.one,resell,,,high,low,4,Dynadot Inc,27/10/2021 16:21,27/10/2027 16:21,27/09/2026 15:56
d1fe973d-99b2-4932-ae39-2971705ca544,apiarian.one,available,7.99,24.75,medium,low,8,namesilo,,,05/08/2026 23:53
e9d69b8e-94e6-4189-9422-e1b75b658799,akan.one,available,7.99,24.75,high,low,4,namesilo,,,17/09/2026 23:50
33730814-fdbc-4672-993c-6fb6afd046cc,ards.one,available,7.99,24.75,medium,low,4,namesilo,,,17/09/2026 10:14
4b816f52-7f80-48e1-9f2b-f7671867ce6c,deranged.one,available,7.99,24.75,medium,low,8,namesilo,,,13/08/2026 05:32
754cbeeb-21c9-4bc4-aa65-522f91be3ec8,snapping.one,available,3.49,24.75,high,low,8,namesilo,,,
97c8e2bc-d158-4615-ad4d-4b37794c2109,barbican.one,available,7.99,24.75,medium,low,8,namesilo,,,22/09/2026 04:18
84cd832a-3713-4e83-92ce-99dee4e624de,alcea.one,available,7.99,24.75,medium,low,5,namesilo,,,18/09/2026 03:52
bb02649b-5339-4954-9f31-b3295cca54f9,conjunction.one,available,3.49,24.75,high,low,11,namesilo,,,
081167b1-90c7-447a-9242-43c9b20d4b9f,occitan.one,available,7.99,24.75,medium,low,7,namesilo,,,09/09/2026 04:30
7d2ce13c-4387-4f87-805c-5ac7e6ec8e35,cheekb.one,premium,1107,1107,high,low,9,namesilo,,,13/09/2026 15:41
bb0818af-e537-404e-941e-42f55160e503,floccose.one,available,7.99,24.75,medium,low,8,namesilo,,,18/08/2026 08:36
770b37bb-1ed4-48a5-bcea-d4084f817b45,bounce.one,premium,1107,1107,high,low,6,namesilo,,,23/09/2026 01:22
af19bcb8-a3af-4986-86f5-18f2b16aee2e,teen.one,premium,650,650,high,low,4,namecheap,,,21/09/2026 19:11
62fd566b-6a54-4c9f-834f-c2ef5198c055,nonlethal.one,available,7.99,24.75,medium,low,9,namesilo,,,03/09/2026 19:40
560402ea-19df-4bb7-9211-a25480e17305,assagai.one,available,7.99,24.75,medium,low,7,namesilo,,,20/09/2026 15:41
47325ae6-054a-48b8-8397-0c5d155082a7,privately.one,available,7.99,24.75,high,low,9,namesilo,,,15/09/2026 04:43
8d484599-1192-4ac7-b49c-95c614928ac5,miniscule.one,available,7.99,24.75,medium,low,9,namesilo,,,24/08/2026 23:55
8a79daec-81ad-40e2-9976-c809c91fcdff,biosafety.one,available,9.48,30.98,high,low,9,namecheap,,,23/09/2026 18:56
eb87459d-ab14-4049-a542-05a157ec8c03,hogan.one,available,7.99,24.75,high,low,5,namesilo,,,23/09/2026 07:21
41def654-0484-41c3-9008-ecb92c14691c,gallantly.one,available,7.99,24.75,medium,low,9,namesilo,,,14/09/2026 06:45
c9be7879-f434-4bae-b1d2-0ea10dc74858,inborn.one,available,9.48,30.98,medium,low,6,namecheap,,,12/08/2026 21:42
819f4a10-ef74-4f56-95d3-390da61ffb9f,bankrupt.one,available,7.99,24.75,medium,low,8,namesilo,,,08/08/2026 13:29
d53171ee-84b2-49a1-a9f4-08f5c7075327,putrid.one,available,7.99,24.75,high,medium,6,namesilo,,,09/09/2026 06:43
e67f6eb2-2c7c-415c-b6df-96cbf3e062b5,rummy.one,resell,,,high,low,5,Dynadot Inc,18/04/2026 00:01,18/04/2027 00:01,26/09/2026 08:46
a42317ed-9231-4dba-8073-9c048b4d816f,rheumatoid.one,available,7.99,24.75,medium,low,10,namesilo,,,06/08/2026 23:10
d4b84c9d-6d6d-4d1e-b9d4-16752fdc78b3,militant.one,available,9.48,30.98,high,low,8,namecheap,,,
5768a375-7180-4f91-913f-83d51e0ef7c7,overstatement.one,available,3.99,,medium,low,13,name.com,,,
ea1fb811-9cb4-4315-997b-80437dd532f9,partitioned.one,available,7.99,24.75,low,low,11,namesilo,,,18/09/2026 12:14
e7962ed2-7d7f-4ec2-9916-7e57d3ea68d7,anacardium.one,available,7.99,24.75,medium,low,10,namesilo,,,19/09/2026 00:59
9a928eb4-fa9c-42c2-9944-16d6d5b3dbb1,casualties.one,available,7.99,24.75,medium,low,10,namesilo,,,27/09/2026 21:53
28fab55b-bee1-49ae-ad3d-d2a1d827f325,factual.one,available,9.48,30.98,high,low,7,namecheap,,,17/08/2026 20:31
85d7cb3d-40e0-4b40-bd02-5ac61ed240ba,overfond.one,available,7.99,24.75,medium,low,8,namesilo,,,04/09/2026 20:35
3bbfc461-6d46-4cf0-b545-c28ec9d93b39,lafayette.one,available,3.49,24.75,high,low,9,namesilo,,,
81c5e6bc-08af-47ff-a6d4-5b99ca16306e,aeroplane.one,available,7.99,24.75,high,low,9,namesilo,,,08/09/2026 20:39
ce01394e-09fa-49d5-b8ad-d0b80db67825,abusive.one,available,7.99,24.75,medium,low,7,namesilo,,,
0e9af18a-060b-459e-b6ae-f6970a016fa9,ventura.one,resell,,,high,low,7,Dynadot Inc,08/02/2026 00:00,08/02/2027 00:00,26/09/2026 09:57
29da5570-d958-4cd2-8b5f-41f11d26d8ef,megabucks.one,available,7.99,24.75,high,low,9,namesilo,,,23/09/2026 14:11
64bef45a-6a5f-432e-9a53-f9779a085665,twentieth.one,available,7.99,24.75,high,low,9,namesilo,,,21/09/2026 12:27
a3a7fd3f-eb96-4e7e-8f17-d13c28cdbf74,umpire.one,available,7.99,24.75,medium,low,6,namesilo,,,20/09/2026 00:47
1fc9f727-76ca-4135-ab8d-09684939f7cd,laurels.one,available,7.99,24.75,high,low,7,namesilo,,,16/09/2026 22:48
e69ed482-e78d-48cd-bc27-112508aad145,generating.one,available,3.49,24.75,medium,low,10,namesilo,,,
5837723c-d661-497e-aa08-8ee253a2e981,defining.one,available,7.99,24.75,high,low,8,namesilo,,,10/09/2026 06:00
b63dcf5e-c949-40c3-8fdb-9c664f17600a,corrected.one,available,7.99,24.75,high,low,9,namesilo,,,23/09/2026 23:45
0fe96a5e-61d9-4ede-9d41-0c361fcda203,rotated.one,available,7.99,24.75,medium,low,7,namesilo,,,27/09/2026 14:36
7f83626b-27dc-4cef-a74b-3e37798044dd,removed.one,available,7.99,24.75,high,low,7,namesilo,,,26/09/2026 00:50
b0bcc5cb-33c3-42df-8da2-58b3d4eee105,toradol.one,available,7.99,24.75,medium,low,7,namesilo,,,17/09/2026 05:31
dbd5a2c3-5462-479d-8168-7f78d38e5cc7,longroot.one,available,9.48,30.98,medium,low,8,namecheap,,,20/09/2026 03:40
7a3ab181-ed7a-4b88-848a-91e2c51eff3f,punctured.one,available,7.99,24.75,medium,low,9,namesilo,,,08/09/2026 16:56
f7be33dd-d61a-4ff1-b267-cd549e9f9b2b,estranged.one,available,7.99,24.75,medium,low,9,namesilo,,,17/08/2026 13:30
3433790d-91f5-43dc-ac2c-ee814f489d20,doodlebug.one,available,7.99,24.75,medium,low,9,namesilo,,,19/09/2026 12:18
5778ea45-20e1-4823-a6a1-ce3bbd2491fe,zionist.one,available,7.99,24.75,high,low,7,namesilo,,,13/09/2026 15:21
ea726698-9e8a-470d-b8b6-0fd391eff582,disulfiram.one,available,7.99,24.75,medium,low,10,namesilo,,,19/09/2026 12:22
7bc56707-5d2d-4e8d-81ff-d6c598da3e75,foodless.one,available,7.99,24.75,medium,low,8,namesilo,,,18/08/2026 10:26
14629c15-43d7-41bb-aaa0-d0e8aa9a4a7a,mildly.one,available,7.99,24.75,medium,low,6,namesilo,,,15/09/2026 14:43
af569942-cd81-44bb-ab85-be4df5c8b102,enwrapped.one,available,7.99,24.75,medium,low,9,namesilo,,,
bac0f1f5-db9f-48b9-9773-be8aa0003298,labeled.one,available,7.99,24.75,medium,low,7,namesilo,,,22/08/2026 17:13
426e03b4-6041-4bae-99b2-13924ae98179,byword.one,available,7.99,24.75,medium,low,6,namesilo,,,17/09/2026 06:09
4e65d2e1-fe3b-4f26-9247-bd541bb31317,disputed.one,available,7.99,24.75,medium,low,8,namesilo,,,14/08/2026 12:12
9641ffcd-5242-48a7-85aa-72108ea1c094,waterfowl.one,available,7.99,24.75,high,low,9,namesilo,,,19/09/2026 17:39
88cfbb66-00ff-4d1f-9e60-6bc3033e4aa4,forgot.one,available,7.99,24.75,medium,low,6,namesilo,,,27/09/2026 21:47
8fb553fc-f6b6-459a-8729-533a62ca7508,rarely.one,available,7.99,24.75,medium,low,6,namesilo,,,15/09/2026 22:32
7569563f-9d5a-4d82-ae80-b755c8502c4f,mythologic.one,available,7.99,24.75,medium,low,10,namesilo,,,03/09/2026 12:33
6af71b24-c90f-440f-952c-c8ce09b22b99,yesteryear.one,available,7.99,24.75,high,low,10,namesilo,,,08/09/2026 10:02
65d4bf29-5516-49f4-aac5-77fae2d819fd,quieter.one,available,3.49,24.75,high,low,7,namesilo,,,
5e096a83-3cc5-4e28-893f-edb86363ce1b,trippingly.one,available,7.99,24.75,medium,low,10,namesilo,,,15/09/2026 11:20
79e2b0cd-dfcb-4064-b399-2db46bdb9358,cambodian.one,available,7.99,24.75,medium,low,9,namesilo,,,11/08/2026 15:40
ebced591-5e59-4e3d-a1eb-29a5802d625c,cloves.one,available,7.99,24.75,medium,low,6,namesilo,,,17/09/2026 13:15
15f0aa65-a5cd-4b1a-b456-3efdde764708,postural.one,available,7.99,24.75,medium,low,8,namesilo,,,09/09/2026 00:40
a54ef090-eb43-4597-b8ea-7ead0885c1ea,inhibited.one,available,7.99,24.75,medium,low,9,namesilo,,,22/08/2026 05:07
4c7dec99-7e87-46f6-b4ba-c14936040780,abysm.one,available,7.99,24.75,medium,low,5,namesilo,,,16/09/2026 19:45
0355f9c8-afcb-44f0-9dc6-1788ebd23241,fright.one,available,7.99,24.75,medium,low,6,namesilo,,,17/09/2026 14:50
8847bcde-0bf3-4194-b939-b2a40fc0a9c3,master.one,premium,6500,6500,high,low,6,namecheap,,,25/09/2026 17:15
c43a347c-fa9a-418e-b4e9-a6bbc6af6134,unopen.one,available,7.99,24.75,medium,low,6,namesilo,,,10/09/2026 07:06
01cc0360-d6ad-4465-8fdd-30edbee40101,parentally.one,available,9.48,30.98,medium,low,10,namecheap,,,15/09/2026 18:57
64867b02-610b-4b4f-a393-c6ddb861c595,hairbrush.one,available,3.99,,high,low,10,name.com,,,
48b735c3-1a88-466f-ac13-3ff574d20689,seepage.one,available,7.99,24.75,medium,low,7,namesilo,,,04/09/2026 15:38
10009b79-3352-4054-b572-28867ee0b1d3,clubable.one,available,7.99,24.75,medium,low,8,namesilo,,,12/08/2026 12:57
bfe03264-30f4-40db-a36f-201b8b18036e,vocalizing.one,available,7.99,24.75,high,medium,10,namesilo,,,10/09/2026 08:24
0af3cbac-7836-4abd-abd2-3491bb647bd9,oddly.one,available,3.99,,medium,low,5,name.com,,,
e22903bc-2e23-4101-aa98-63b39dfb07bb,tendered.one,available,7.99,24.75,medium,low,8,namesilo,,,20/09/2026 16:36
162c8a62-9952-4bb0-a07f-96139e0300a3,backbend.one,available,7.99,24.75,medium,low,8,namesilo,,,21/09/2026 15:01
52c7102b-fb1a-494f-a259-56d05db96cf4,flyer.one,resell,,,high,low,5,"NameCheap, Inc.",22/05/2015 17:20,22/05/2027 17:20,26/09/2026 06:10
8d8cd478-22bd-49c2-9d6e-d056ce36e355,condom.one,premium,650,650,high,low,6,namecheap,,,24/09/2026 07:58
9fae9a3a-021e-4604-94c4-51f810730817,executable.one,available,7.99,24.75,high,low,10,namesilo,,,17/08/2026 16:50
b35f61a9-d9a5-433c-879d-e41ea92e723c,advantages.one,available,7.99,24.75,medium,low,10,namesilo,,,17/09/2026 07:07
5914357c-7a52-48f1-8466-4f98dd3ea214,acetin.one,available,7.99,24.75,medium,low,6,namesilo,,,17/09/2026 00:06
4e8f57c0-4a20-4c4a-a995-24a28b2dfd9e,precipitous.one,available,3.49,24.75,medium,low,11,namesilo,,,
64322642-f7ea-4466-ab0e-552d16ec007f,unreleased.one,available,9.48,30.98,medium,low,10,namecheap,,,12/09/2026 18:08
07f2476f-15f2-4d51-be74-71185323a858,atheneum.one,available,7.99,24.75,medium,low,8,namesilo,,,20/09/2026 20:41
651501a4-fbef-48fe-9845-bdf6cb9a1498,sighted.one,available,7.99,24.75,high,low,7,namesilo,,,27/09/2026 21:56
841e02a7-0621-4123-9311-c7137b23e4ac,seedy.one,available,7.99,24.75,medium,low,5,namesilo,,,
ed1e1a4b-b65a-4c96-9e59-e2c5e098c41b,wizen.one,available,7.99,24.75,high,medium,5,namesilo,,,10/09/2026 06:59
d9b7319d-3d3e-4a36-8f7e-d43fa2134bf9,turbid.one,available,7.99,24.75,medium,low,6,namesilo,,,25/08/2026 01:10
75d2d302-22b0-41c7-87e8-cb4c84c3a3b5,inlaid.one,available,7.99,24.75,medium,low,6,namesilo,,,22/08/2026 05:47
f6edcf47-4ee2-49c4-9b68-1c5c0282d9f4,fumed.one,available,9.48,30.98,medium,low,5,namecheap,,,18/08/2026 18:20
5287f098-5c94-4317-be31-117f7e79cd6e,antigram.one,available,7.99,24.75,low,low,8,namesilo,,,19/09/2026 14:31
9ba4f9b2-ea2e-4133-a39f-cc50ea52b3d5,polytonal.one,available,7.99,24.75,medium,low,9,namesilo,,,08/09/2026 23:33
8e89821d-d269-4581-9a7d-cb08a1e22f62,inventive.one,resell,,,high,low,9,Dynadot Inc,30/03/2026 00:00,30/03/2027 00:00,26/09/2026 06:56
4ea9d84f-b428-429e-bc6f-18cd04baf825,rehearsal.one,available,7.99,24.75,high,low,9,namesilo,,,27/09/2026 03:47
61858956-ce02-4334-8c8b-fcd3038c3f4a,cantabile.one,available,7.99,24.75,medium,low,9,namesilo,,,11/08/2026 17:38
0be86365-f299-4461-a71e-5b62329303c8,forsooth.one,available,9.48,30.98,low,low,8,namecheap,,,14/09/2026 19:55
d4715adc-6cf9-4ff7-bae8-bb485fe5044d,unmerciful.one,available,7.99,24.75,medium,low,10,namesilo,,,24/08/2026 20:38
d95bd923-be61-4d26-bf30-895b4377f0e7,precarious.one,available,7.99,24.75,medium,low,10,namesilo,,,08/09/2026 01:44
cfd7c5cc-0a2c-45c3-9c38-d322242fa863,banian.one,available,9.48,30.98,medium,low,6,namecheap,,,22/09/2026 02:05
94048269-29fb-4156-8e5f-cbe4a60ba14f,crosstown.one,available,7.99,24.75,medium,low,9,namesilo,,,13/08/2026 08:13
d30bd985-2f83-4fee-a1ec-cd5689012c74,anaemia.one,available,3.49,24.75,medium,low,7,namesilo,,,
f30753b7-21c3-4895-8cc6-34eba55114af,cough.one,available,11.99,30.99,medium,low,5,name.com,,,24/09/2026 18:37
d2d1b450-de0b-4921-bdc2-72e4f5a190eb,risible.one,available,9.48,30.98,medium,low,7,namecheap,,,12/08/2026 19:02
dbdfe845-1b25-40d5-8f88-c24fd27c7d56,socks.one,resell,,,high,low,5,,,,27/09/2026 08:18
c0a7ca08-2865-465a-9f4f-cd2ae9e1222c,rash.one,available,7.99,24.75,medium,low,4,namesilo,,,18/08/2026 10:31
bba169f5-dca2-4b2f-b34d-a7ba6d122935,prakritic.one,available,7.99,24.75,high,medium,9,namesilo,,,09/09/2026 01:03
73658bf8-f778-4227-a931-32f631b8aced,apathetic.one,available,7.99,24.75,medium,low,9,namesilo,,,05/08/2026 22:04
a6092959-c329-4c17-a952-1efcf01d7f85,decolour.one,available,7.99,24.75,medium,low,8,namesilo,,,24/09/2026 05:11
d6544e7c-6dbe-4629-8391-9deca645ef39,malawian.one,available,7.99,24.75,high,low,8,namesilo,,,24/08/2026 13:40
1d220540-9a00-4370-8f6f-16ab5fb209e7,carefully.one,available,3.49,24.75,high,low,9,namesilo,,,
0fd2ac3c-d47a-4fa1-95d2-2aebfbf13184,stormproof.one,available,9.48,30.98,medium,low,10,namecheap,,,10/09/2026 21:24
58e3c924-a59a-4d03-af51-c25fb064262c,twofold.one,available,7.99,24.75,medium,low,7,namesilo,,,14/08/2026 16:39
6696e1bd-acd9-4588-ad9d-5cd1fc23fb17,susurrous.one,available,7.99,24.75,medium,low,9,namesilo,,,03/09/2026 11:24
faf3301b-c19d-4a8a-b86a-a66a51561cd7,latakia.one,available,9.48,30.98,medium,low,7,namecheap,,,18/09/2026 01:28
ce7e70d6-2b84-44cd-bf0b-9f036663fb66,unaged.one,available,7.99,24.75,medium,low,6,namesilo,,,12/09/2026 00:11
b1e5d23f-f254-443c-a845-88eb09a61723,piles.one,available,7.99,24.75,high,low,5,namesilo,,,14/09/2026 23:21
085da37e-0b4a-4026-88ee-f26e91db7712,pail.one,available,3.49,24.75,high,low,4,namesilo,,,
ec0e4645-413d-4002-895a-52713da8a0ec,purau.one,available,7.99,24.75,medium,low,5,namesilo,,,21/09/2026 22:02
ce5a84db-2e9d-433e-8822-2471a207478d,epitope.one,available,7.99,24.75,medium,low,7,namesilo,,,19/09/2026 14:25
853e8505-e312-4147-b094-041f58c9dc8d,surprisingly.one,available,3.49,24.75,high,low,12,namesilo,,,
0af67582-56fd-43d5-96ba-64a4154474f9,bauxite.one,available,7.99,24.75,medium,low,7,namesilo,,,22/09/2026 16:42
8432e3c6-27e5-49a9-a2aa-d0327d49cb9a,zoo.one,premium,640,640,high,low,3,namesilo,,,26/09/2026 00:33
7c6fb65b-4d91-4357-b84c-2062aefa98d0,testator.one,available,7.99,24.75,medium,low,8,namesilo,,,11/09/2026 12:02
bd2f8935-04b9-4147-8d98-d5e478da8e00,analogous.one,available,7.99,24.75,medium,low,9,namesilo,,,
59fa1d3c-f4d5-4c53-81b2-82f04a7b63ff,squab.one,available,7.99,24.75,medium,low,5,namesilo,,,10/09/2026 17:08
7237811c-0c0b-43dc-b6da-73c9ec66bd34,altawhid.one,available,7.99,24.75,medium,low,9,namesilo,,,18/09/2026 01:07
e5d9e704-a1ba-471d-b914-74f2c61bb878,sternal.one,available,9.48,30.98,low,low,7,namecheap,,,10/09/2026 20:18
e72cc375-bd72-459d-842d-5d1ce5f7f5fe,concord.one,premium,640,640,high,low,7,namesilo,,,16/09/2026 22:58
3ecfeacf-f052-483f-ba43-2e579b1366b6,sizzling.one,available,7.99,24.75,high,low,8,namesilo,,,10/09/2026 09:17
5143d7b9-74f5-4207-82f5-8322d25f2333,untasted.one,available,9.48,30.98,low,low,8,namecheap,,,12/09/2026 21:05
e117fd8b-f13a-4b3f-8611-bfb673211b33,nutrients.one,available,7.99,24.75,medium,low,9,namesilo,,,21/09/2026 00:14
4552162b-6b15-49a3-b224-2ff326150105,deferent.one,available,7.99,24.75,medium,low,8,namesilo,,,13/08/2026 23:17
57d72cb4-8f8a-4978-9e7f-7ba0ee439862,planetal.one,available,9.48,30.98,medium,low,8,namecheap,,,08/09/2026 20:42
76f14145-870e-4a20-a02e-6e5b12f9e893,professions.one,available,7.99,24.75,medium,low,11,namesilo,,,19/09/2026 22:50
af9436f5-d2b3-45ae-b2d0-dfc622b05573,untrained.one,available,9.48,30.98,medium,low,9,namecheap,,,12/09/2026 21:40
66218262-29d8-41c6-8b07-a144f1bd65ee,ape.one,resell,,,high,low,3,"GoDaddy.com, LLC",09/01/2025 00:00,09/01/2028 00:00,26/09/2026 03:55
60b2fcba-8c1a-4aa4-8df3-4bcb3c5b6013,oriented.one,available,9.48,30.98,high,low,8,namecheap,,,26/09/2026 00:29
9145990d-ec32-45f4-a4ba-d2d9638878cd,beetroot.one,available,7.99,24.75,high,low,8,namesilo,,,23/09/2026 01:58
abc27930-538c-4383-b5b5-b0814907c636,doubter.one,available,9.48,30.98,medium,low,7,namecheap,,,
367339e4-ebfe-469d-8fa4-d19efcaf531e,creditors.one,available,9.48,30.98,medium,low,9,namecheap,,,20/09/2026 15:31
79ceebb9-6305-4fc5-9319-edc92f1f99b8,nectarous.one,available,7.99,24.75,medium,low,9,namesilo,,,
3493baec-a4f9-4e18-97f9-73d130ae9fb9,blowout.one,available,7.99,24.75,high,low,7,namesilo,,,27/09/2026 16:59
9f271ee0-9830-4277-bc79-7be10c9d11e6,indigent.one,available,7.99,24.75,medium,low,8,namesilo,,,14/08/2026 04:34
eb3019d3-eb10-425e-921d-ac46d6fe21b7,aubergine.one,available,7.99,24.75,high,low,9,namesilo,,,21/09/2026 02:33
4ed3dc7b-e6bb-406f-bb03-16036fe5d360,impulsive.one,available,7.99,24.75,high,low,9,namesilo,,,11/08/2026 01:34
dadb4cb7-abf1-40c3-985f-fbf9fe06f8f2,lxii.one,available,7.99,24.75,medium,low,4,namesilo,,,
79dd09c3-35ab-4e1c-b794-982017845f70,credulous.one,available,7.99,24.75,medium,low,9,namesilo,,,13/08/2026 05:56
cef26d8c-7071-4058-a935-d4c8fc5753e2,sayonara.one,available,9.48,30.98,high,low,8,namecheap,,,17/09/2026 08:15
133d55a5-662a-4bd5-bd86-97baffedea38,brinjal.one,available,7.99,24.75,medium,low,7,namesilo,,,21/09/2026 02:34
3e08be02-4659-4b18-ad91-e2e75b16ab3e,adient.one,available,7.99,24.75,medium,low,6,namesilo,,,
04b7597f-7f71-46a7-b747-c093e0c935a3,garfish.one,available,9.48,30.98,medium,low,7,namecheap,,,23/09/2026 16:11
85a0a9af-cd1d-4f40-bb97-88e97209dc54,quintuple.one,available,7.99,24.75,medium,low,9,namesilo,,,18/08/2026 05:54
0dea6a30-a116-48a4-8548-03f4b2022ab5,shellproof.one,available,9.48,30.98,medium,low,10,namecheap,,,10/08/2026 18:11
c2b4783b-92f1-4f8c-aa0d-55814525d40e,gloriously.one,available,7.99,24.75,medium,low,10,namesilo,,,14/09/2026 21:45
63215990-6ec4-4e71-8338-1c68409a0ef7,chomsky.one,available,7.99,24.75,medium,low,7,namesilo,,,16/09/2026 12:59
ecad4d77-258b-44b2-894c-8bb620af1161,sal.one,resell,,,high,low,3,,,,28/09/2026 03:21
41a0bde8-13cf-468c-9bec-91cf2ababe63,sedated.one,available,9.48,30.98,low,low,7,namecheap,,,16/09/2026 18:04
c847eadb-1fea-4bc0-b519-98322046f0ef,maxim.one,resell,,,high,low,5,Dynadot Inc,07/08/2021 21:05,07/08/2027 21:05,26/09/2026 07:28
c29079b3-636e-4d42-a5f8-d9f8e313261b,contractor.one,resell,,,high,low,10,"GoDaddy.com, LLC",15/08/2022 09:22,15/08/2027 09:22,26/09/2026 05:14
ea8ed2bb-cda4-4a5e-9fbb-ad230b34dd98,windless.one,available,7.99,24.75,medium,low,8,namesilo,,,13/09/2026 12:14
18019993-9a18-46e3-b3de-b13004c3d3e7,race.one,premium,517.7,517.7,high,low,4,spaceship,,,27/09/2026 17:26
e1ab2c69-9c21-48ca-8b89-7ace94463461,influent.one,available,7.99,24.75,high,low,8,namesilo,,,22/08/2026 04:36
0c66f985-af33-4f53-9d16-1d7985bab5b0,quelled.one,available,7.99,24.75,medium,low,7,namesilo,,,09/09/2026 08:24
f81d5f3f-d360-423f-a8e9-4556f0534a06,term.one,premium,625,,high,low,4,name.com,,,
3139d787-9ae4-4df8-9d4b-c02c885d759d,recovering.one,available,9.48,30.98,high,low,10,namecheap,,,23/09/2026 22:44
4fd064f0-ed6a-4221-ac81-6d3c4e5ff291,diddle.one,available,7.99,24.75,medium,low,6,namesilo,,,14/09/2026 07:58
1a81a6f9-6377-4bf7-9b4e-2509116f343a,shots.one,resell,,,high,low,5,UM Domains Pte. Ltd.,03/06/2026 00:00,03/06/2027 00:00,26/09/2026 09:00
ac0daae6-437a-40b7-8d11-b322f62f663f,chamber.one,resell,,,high,low,7,Dynadot Inc,06/01/2022 16:22,06/01/2027 16:22,26/09/2026 04:51
12b83838-5007-4da6-9aef-8902a5a349b5,affected.one,available,7.99,24.75,high,low,8,namesilo,,,
a28a8d84-9ffd-4c6c-8dae-ef29bb37547c,congestion.one,available,3.49,24.75,medium,low,10,namesilo,,,
2588f782-e032-4759-8a5a-660af123af57,overeager.one,available,7.99,24.75,medium,low,9,namesilo,,,04/09/2026 20:31
55f13b17-a170-4e9a-94ed-1f493361779e,italian.one,premium,625,625,high,low,7,name.com,,,22/08/2026 11:36
04d06673-966e-46d7-9af7-1d9a685eab2e,commix.one,available,7.99,24.75,medium,low,6,namesilo,,,
0e23adb3-288e-463b-884a-629cb33ebd09,alkalizer.one,available,7.99,24.75,medium,low,9,namesilo,,,
bb82da16-31f0-4a7d-b7eb-41e86215972c,armillaria.one,available,7.99,24.75,medium,low,10,namesilo,,,20/09/2026 07:07
b989b5c2-4d50-4d56-b30b-6382fb536616,conceited.one,available,9.48,30.98,medium,low,9,namecheap,,,12/08/2026 19:54
8932a609-d0ea-42c7-9b14-37dd13c90fb5,lambent.one,available,7.99,24.75,medium,low,7,namesilo,,,
e3b68496-ebe9-4551-9728-7446caca69e8,scalable.one,resell,,,high,low,8,Dynadot Inc,01/06/2026 00:00,01/06/2027 00:00,26/09/2026 08:50
6972dcff-f9e0-4c15-a681-3caa04f66f39,offerings.one,available,7.99,24.75,medium,low,9,namesilo,,,18/09/2026 10:39
c6282b10-7736-4dbd-835f-dff2641444e4,marital.one,available,7.99,24.75,high,low,7,namesilo,,,24/08/2026 15:56
ba7f4339-034c-46af-a84a-8b2fce45764e,duane.one,available,6.41,19.87,medium,low,5,spaceship,,,27/09/2026 19:56
40f3b418-354b-4894-aafd-4e90f5cf84f6,outright.one,available,7.99,24.75,high,low,8,namesilo,,,04/09/2026 19:35
226cf4cf-c08b-4388-97e9-1f7d0ccc6779,sonsy.one,available,7.99,24.75,medium,low,5,namesilo,,,10/08/2026 20:35
20d1038b-734f-477c-8aa6-2c3875c3048a,playfield.one,available,3.49,24.75,high,low,9,namesilo,,,
169afc0f-1a2e-40e9-8e43-74d903172e40,shrewdness.one,available,9.48,30.98,medium,low,10,namecheap,,,20/09/2026 18:18
7bd5ad13-c83c-4574-87f6-18149f01c1c8,bodied.one,available,7.99,24.75,high,low,6,namesilo,,,10/08/2026 16:44
08629db2-52dc-43e9-bc97-411df944787f,unthankful.one,available,7.99,24.75,low,low,10,namesilo,,,11/09/2026 12:29
adb3a026-6acf-4170-88a3-7cad5eeb43a8,hormonal.one,available,7.99,24.75,medium,low,8,namesilo,,,21/08/2026 14:02
a726f475-5377-4150-9914-cc432262ce75,beveridge.one,available,7.99,24.75,medium,low,9,namesilo,,,23/09/2026 12:04
286af4f2-2d0e-4e71-b6ab-83affb6ce8dd,sisters.one,resell,,,high,low,7,UM Domains Pte. Ltd.,15/06/2026 00:00,15/06/2027 00:00,26/09/2026 09:03
02d09a70-424b-4c6d-ba6d-809e10aa8abd,agricola.one,available,9.48,30.98,medium,low,8,namecheap,,,17/09/2026 19:19
5f22df1f-d334-4441-a2d7-699f3b755a85,athletic.one,premium,6900,6900,high,low,8,namesilo,,,21/09/2026 16:12
9452962a-a018-42e9-91d0-02978ce76fdf,explain.one,resell,,,high,low,7,Dynadot Inc,01/04/2026 00:00,01/04/2027 00:00,26/09/2026 05:57
7a4f7658-8f06-4ef3-ae85-673163fc64a8,dropped.one,resell,,,medium,low,7,Dynadot Inc,11/08/2026 19:11,11/08/2027 19:11,26/09/2026 05:42
f32b28a0-86da-40cc-bb91-a5e379ffb6b9,eastmost.one,available,7.99,24.75,medium,low,8,namesilo,,,14/08/2026 22:57
d8d09967-7868-48ff-bbe4-b0e4087f93fe,dude.one,resell,,,high,low,4,"NameSilo, LLC",22/05/2015 03:00,22/05/2027 03:00,26/09/2026 05:42
ecd2bfb4-936c-4091-895e-f443b075456f,admissible.one,available,7.99,24.75,high,low,10,namesilo,,,
5c456714-824b-45ef-af0a-436c2814b7ee,nathaniel.one,available,7.99,24.75,high,low,9,namesilo,,,25/09/2026 14:50
ba6feb35-6b56-474f-a321-348fcc8e6b9e,washes.one,available,9.48,30.98,medium,low,6,namecheap,,,20/09/2026 04:54
887b1aaf-71bf-4211-8ed3-925efa6df992,asana.one,resell,,,high,low,5,Dynadot Inc,31/12/2024 02:42,31/12/2026 02:42,26/09/2026 04:03
8534cf0b-3107-4449-85f3-a3289527aaf7,venal.one,available,7.99,24.75,medium,low,5,namesilo,,,11/08/2026 03:46
ea7c4b16-5b83-41b7-87a2-1ffd72c0caf5,amnionic.one,available,7.99,24.75,medium,low,8,namesilo,,,
3b2d6fb9-e64c-4825-8f53-2753a39e96e6,barbecue.one,premium,625,,high,low,8,name.com,,,
76e3da5e-04d5-45fa-bae2-e20e66b8fd1a,puzzled.one,available,7.99,24.75,high,low,7,namesilo,,,07/08/2026 10:53
a52f1820-d974-4342-a485-e5e098ea95fb,moderate.one,available,7.99,24.75,high,low,8,namesilo,,,12/08/2026 00:16
0c522f78-cc5c-4803-9637-36375aa8e979,considering.one,available,7.99,24.75,medium,low,11,namesilo,,,26/09/2026 03:06
a8105f93-90b4-45c1-915e-f72800580810,disorderly.one,available,7.99,24.75,medium,low,10,namesilo,,,14/08/2026 11:51
9355c0e3-9127-475d-837b-a5b4068744b0,foundling.one,available,9.48,30.98,medium,low,9,namecheap,,,16/09/2026 13:56
cda0c020-abb0-4164-91ae-c1277c127f01,lacerate.one,available,9.48,30.98,medium,low,8,namecheap,,,22/08/2026 17:51
8785e310-214f-44ba-81c6-0a9293546974,beneath.one,available,3.49,24.75,medium,low,7,namesilo,,,
34ef0a0d-f350-472d-904a-2129bf50a12b,dactylic.one,available,11.99,30.99,medium,low,8,name.com,,,13/08/2026 15:27
6a9b7711-9f4e-41dc-9223-d337f7f384bd,boldface.one,available,7.99,24.75,high,low,8,namesilo,,,10/08/2026 17:43
df396f7a-a807-4134-ad47-92036c6bdc5f,polychrome.one,available,7.99,24.75,high,low,10,namesilo,,,08/09/2026 23:11
f1474445-bd5e-4823-b93a-6e5ac92493dc,chummy.one,available,7.99,24.75,high,low,6,namesilo,,,11/08/2026 07:44
4d0b341c-727d-42e5-81c0-43f92d76520d,antbird.one,available,7.99,24.75,medium,low,7,namesilo,,,19/09/2026 12:17
ee1f2927-632e-4386-b609-845c1e406d72,ringing.one,available,7.99,24.75,high,low,7,namesilo,,,27/09/2026 05:00
fd8e15e0-3631-4ee3-b88d-f2fbbf2ed188,hannibal.one,available,7.99,24.75,high,low,8,namesilo,,,27/09/2026 04:24
c6466f40-4545-46af-8ceb-ed184cedf67f,dancing.one,premium,640,640,high,low,7,namesilo,,,25/09/2026 04:44
b2ed6bb4-3d39-4bf3-9f63-5811347cebaf,amnios.one,available,7.99,24.75,medium,low,6,namesilo,,,18/09/2026 22:26
b91aeb97-539a-452a-80a8-c96b7283991b,idiotic.one,available,7.99,24.75,medium,low,7,namesilo,,,24/09/2026 01:17
b1c767db-3be5-4e8b-b4a4-1d0e107e85c0,vertically.one,available,7.99,24.75,medium,low,10,namesilo,,,16/09/2026 10:53
6977b8ea-8358-4d5a-bea3-3ec6f66a3036,traded.one,available,9.48,30.98,medium,low,6,namecheap,,,25/09/2026 20:44
10efd7ae-6d83-4c1b-85f3-b509389ddb91,moravian.one,available,7.99,24.75,high,low,8,namesilo,,,25/08/2026 06:14
374c4876-e85a-4799-bdc6-5019be6affd6,keep.one,resell,,,high,low,4,IONOS SE,29/06/2019 10:57,29/06/2027 10:57,26/09/2026 07:03
ae8c62b4-8c43-4c35-bdeb-5d9806a85f04,memorise.one,available,3.49,24.75,high,low,8,namesilo,,,
03e94d0a-dba2-4270-a008-ef0b56164745,winterhaven.one,available,3.49,24.75,medium,low,12,namesilo,,,
da9d5a6b-480e-47d5-9ac9-ee0b5561429c,twisting.one,available,7.99,24.75,high,low,8,namesilo,,,11/09/2026 21:52
1a2b6094-c1db-4235-ab6f-dee2d2ccc419,flattering.one,available,7.99,24.75,high,low,10,namesilo,,,18/08/2026 06:57
e3ac3853-20c0-4fdb-9f6a-be150181403e,assembling.one,available,7.99,24.75,high,low,10,namesilo,,,20/09/2026 16:08
fb30eae1-7a82-4c79-864f-16cb89b5f730,chestnuts.one,available,7.99,24.75,medium,low,9,namesilo,,,20/09/2026 20:45
bfb41e07-b1fd-4779-89f5-979748cb568c,cogent.one,resell,,,medium,low,6,"GoDaddy.com, LLC",22/02/2021 16:34,22/02/2027 16:34,26/09/2026 05:06
355882ae-45c7-4a54-aa31-1fe1917c591c,stores.one,premium,650,650,high,low,6,namecheap,,,25/09/2026 17:11
90440362-2b7f-4119-9513-9d9e2b3f3f49,timorous.one,available,7.99,24.75,medium,low,8,namesilo,,,11/09/2026 16:05
9a2d7160-4e35-48aa-83c7-d8bee13ac07f,squawky.one,available,7.99,24.75,low,low,7,namesilo,,,11/08/2026 12:26
b3652b93-a370-457e-bbb3-dbe6fe3b0fc3,stacked.one,available,7.99,24.75,high,low,7,namesilo,,,10/08/2026 20:37
b6d33367-3b62-4d52-9096-4ef1b37dd6ea,amenable.one,available,11.99,30.99,high,low,8,name.com,,,22/09/2026 04:02
51535ed2-e756-41e4-bd8c-6400a11fcfae,appreciation.one,available,9.48,30.98,high,low,12,namecheap,,,24/09/2026 13:32
1aa3b637-60b7-4443-814f-001b71af6f99,tongue.one,available,3.99,,high,low,6,name.com,,,
c73c4733-e491-4285-a19f-09757e7c2390,tunas.one,available,7.99,24.75,medium,low,5,namesilo,,,19/09/2026 22:09
ef066613-36f3-4532-ab34-f294ca567869,chatty.one,resell,,,high,low,6,Dynadot Inc,02/03/2026 00:00,02/03/2027 00:00,26/09/2026 04:53
5333dad8-321f-4f37-833b-3dfbb80e1e08,sabbatic.one,available,7.99,24.75,medium,low,8,namesilo,,,09/09/2026 20:32
6fb11446-1714-4abf-bc7e-ec5d575d1587,benet.one,available,7.99,24.75,high,low,5,namesilo,,,23/09/2026 07:58
521d89d6-8fe1-4a20-b220-c5e0930326db,incurable.one,available,7.99,24.75,medium,low,9,namesilo,,,22/08/2026 02:06
289ba1ee-a383-41a1-b519-852bf0dfc19a,antisocial.one,available,,,medium,low,10,,,,
407ef47e-c5d1-4bc5-ab7f-01145d9d953a,goldfish.one,resell,,,high,low,8,Dynadot Inc,20/01/2026 00:00,20/01/2027 00:00,26/09/2026 06:26
ff9e566b-0b3d-4e6c-80fb-8fc1dcbe556f,grow.one,premium,6500,6500,high,medium,4,namecheap,,,25/09/2026 18:10
4de84c84-e452-4dba-89cd-16b2a766dca4,darius.one,available,7.99,24.75,medium,low,6,namesilo,,,27/09/2026 07:28
0739ab70-ca67-4e36-bf74-39e3fd863cc2,emeer.one,available,9.48,30.98,medium,low,5,namecheap,,,18/09/2026 18:00
68057d73-aa90-4ecc-a7db-7523c0ee1906,guileless.one,available,7.99,24.75,high,low,9,namesilo,,,20/08/2026 20:48
4c003de7-bb84-4106-a9c5-c9cadf3da338,quadrangle.one,available,7.99,24.75,high,low,10,namesilo,,,09/09/2026 07:22
5767364e-7d88-48cb-88ed-8f93baa63792,ring.one,premium,6250,,high,low,4,name.com,,,
2f21f95a-f334-4f8a-b014-63ce7b8b0f11,endless.one,resell,,,high,low,7,Dynadot Inc,12/12/2024 02:59,12/12/2026 02:59,26/09/2026 05:50
7b7fa51c-c425-4e7f-9df9-e0c7dcf47f40,finnish.one,available,7.99,24.75,high,low,7,namesilo,,,18/08/2026 05:03
c235ae56-e41d-4810-81e6-c80fd8e8d23e,facetious.one,available,7.99,24.75,medium,low,9,namesilo,,,08/08/2026 14:39
6445bcc9-f92a-4dfc-9478-ff3af041ba28,healing.one,premium,640,640,high,low,7,namesilo,,,24/09/2026 23:36
0e3bedb2-c27f-481e-b801-722081a79548,appalling.one,available,7.99,24.75,medium,low,9,namesilo,,,06/08/2026 04:31
dfff4c13-10cf-4d2b-bac4-a775644f59c5,gruntle.one,available,7.99,24.75,medium,low,7,namesilo,,,18/08/2026 22:14
2d86640f-6b6b-4c48-a785-ae17033984b9,uncertain.one,available,7.99,24.75,high,low,9,namesilo,,,22/08/2026 01:07
f39ea680-0672-47c3-a84e-b2afe1f1cd7a,cove.one,resell,,,high,low,4,Dynadot Inc,11/06/2021 16:35,11/06/2027 16:35,26/09/2026 05:17
237b842e-4d7f-4577-bd3d-3db788504197,onslaught.one,available,9.48,30.98,medium,low,9,namecheap,,,21/09/2026 01:06
083572d4-61d2-4cf9-8b26-b0ff529e17cf,venial.one,available,7.99,24.75,medium,low,6,namesilo,,,18/08/2026 12:00
475e701a-629d-4884-ac57-6c00d2c59353,chalky.one,available,7.99,24.75,medium,low,6,namesilo,,,11/08/2026 13:39
52da0d89-23f1-4077-9993-ad789a1ccbcd,riskily.one,available,7.99,24.75,low,low,7,namesilo,,,15/09/2026 23:50
21baf27c-c55f-4127-92e3-04572a4a8aab,adenine.one,available,7.99,24.75,medium,low,7,namesilo,,,17/09/2026 07:24
d9792b98-688a-45c3-b74d-7e5807c42ccc,reticently.one,available,7.99,24.75,medium,low,10,namesilo,,,15/09/2026 23:31
d75c51d4-64d6-48ac-9fb8-5688e804bf4c,acanthus.one,available,9.48,30.98,medium,low,8,namecheap,,,16/09/2026 21:02
14a297be-ee9a-4ef9-a19a-e0415d06fdb5,alleged.one,available,9.48,30.98,high,low,7,namecheap,,,22/09/2026 01:19
b06928cf-c543-4d6c-8f3a-63d5abb2f9da,cautious.one,available,7.99,24.75,high,low,8,namesilo,,,11/08/2026 22:44
77449a90-bdd1-49ff-81a1-4bff07cbb19f,skills.one,premium,640,640,high,medium,6,namesilo,,,17/09/2026 12:40
106d92b9-7f06-4781-9cc3-e45321b02d19,socioeconomic.one,available,7.99,24.75,medium,low,13,namesilo,,,16/09/2026 12:07
ce1ca660-de75-454d-8cca-54fd25888444,irenic.one,available,7.99,24.75,medium,low,6,namesilo,,,22/08/2026 09:48
fc2165cb-413b-480f-8384-b901e4ee2d28,worried.one,available,7.99,24.75,high,low,7,namesilo,,,24/09/2026 11:23
12d27553-cffa-4647-9a4a-35c305cab33f,scoffing.one,available,7.99,24.75,medium,low,8,namesilo,,,22/08/2026 12:43
d63cf7a0-1467-4260-8ae9-86fb61ace981,disrepair.one,available,7.99,24.75,medium,low,9,namesilo,,,24/09/2026 23:02
dc2e2388-b7a2-4478-87bc-63220fb6e037,cows.one,available,9.48,30.98,high,low,4,namecheap,,,25/09/2026 09:09
f2304487-143b-40e1-ad13-3bdc42a5bff7,acerbic.one,available,7.99,24.75,medium,low,7,namesilo,,,
0a170f7c-4ce2-4728-bc19-eefdc1c0f478,muzzy.one,available,7.99,24.75,medium,low,5,namesilo,,,10/08/2026 16:24
6268be1b-47d5-4543-bbd9-ba2b8efb00db,conference.one,premium,625,,high,low,10,name.com,,,
2b6198c4-4b4c-4932-b0cd-645619e35d87,cocaine.one,resell,,,high,low,7,,,,27/09/2026 12:35
795a18bf-b821-4ace-a84d-787853fa7bd6,powdery.one,available,7.99,24.75,medium,low,7,namesilo,,,18/08/2026 04:39
ee1add2c-c985-4f1e-ad93-ce29b58d28dd,synovial.one,available,7.99,24.75,medium,low,8,namesilo,,,11/09/2026 06:37
1aea46ca-8428-448d-ac1e-fad1598427d8,xxviii.one,available,7.99,24.75,medium,low,6,namesilo,,,
84054f74-2af1-4831-b8ec-228955c742b6,lxiii.one,available,7.99,24.75,medium,low,5,namesilo,,,
6ba0187d-95da-4c82-9852-1fe3c0ddb266,mouthy.one,available,3.99,,medium,low,6,name.com,,,
9da464b2-eba9-4ff1-b8f8-6e9221365cca,alaska.one,resell,,,high,low,6,Dynadot Inc,26/02/2021 00:59,26/02/2027 00:59,26/09/2026 01:28
9cd750fc-05c3-4920-ac14-433c4aa7569e,arable.one,available,7.99,24.75,medium,low,6,namesilo,,,06/08/2026 11:14
f2f8c701-d211-48a1-811e-a9c8474d3d60,banding.one,available,7.99,24.75,high,low,7,namesilo,,,22/09/2026 01:17
996be530-58f4-4a8d-8031-e59c23bc32ac,grounded.one,resell,,,high,low,8,,,,27/09/2026 06:36
72dbb86a-d860-4620-833f-a546b2bf644e,broth.one,available,7.99,24.75,high,low,5,namesilo,,,24/09/2026 10:49
3967e875-eb25-4cdb-8964-79cc04635385,atarax.one,available,9.48,30.98,medium,low,6,namecheap,,,20/09/2026 19:30
b199b720-87f8-4dae-b024-7cbea7ab31cf,unnerving.one,available,7.99,24.75,high,medium,9,namesilo,,,09/09/2026 12:23
ab213a3a-9f95-452b-8f2a-b8ebf3d6219a,assayer.one,available,7.99,24.75,medium,low,7,namesilo,,,20/09/2026 15:59
50f551b0-3800-428b-aec9-a2ed2edf966a,reminder.one,resell,,,high,low,8,Dynadot Inc,06/05/2026 00:00,06/05/2027 00:00,26/09/2026 08:35
47210c64-b051-452d-84c7-24e33968e8c8,lidless.one,available,7.99,24.75,medium,low,7,namesilo,,,23/08/2026 01:17
7fef0b9c-0ceb-4d9a-a879-1818435afa24,und.one,premium,1107,1107,medium,low,6,namesilo,,,25/09/2026 11:22
ac1d7a15-9c6d-475c-a69f-9b5697bff298,unrested.one,available,9.48,30.98,medium,low,8,namecheap,,,12/09/2026 18:02
e343da0c-60d7-43bf-8bc0-4498706acada,incumbent.one,available,7.99,24.75,high,low,9,namesilo,,,22/08/2026 02:03
9a6641de-642d-4087-abd6-f2609aba2dd3,cathouse.one,available,9.48,30.98,medium,low,8,namecheap,,,21/09/2026 18:24
e418c3d0-0db9-4506-a153-aaf8f765ebbf,bemidji.one,available,7.99,24.75,medium,low,7,namesilo,,,23/09/2026 07:16
06cae7e9-f4df-4964-adab-70720d6ba79b,wives.one,available,3.99,,medium,low,5,name.com,,,
eb7bb6e0-e63a-43d5-8c1f-6b34cf6845cc,bribable.one,available,7.99,24.75,low,low,8,namesilo,,,11/08/2026 03:42
84feb4de-cafa-4e25-821c-60e466bfd3ac,delayed.one,available,7.99,24.75,medium,low,7,namesilo,,,24/09/2026 05:13
e53ce581-a382-4f80-bb93-660b58056a3b,xxxii.one,available,7.99,24.75,medium,low,5,namesilo,,,
17b02cb7-28a5-4a5a-9d09-5b92783d427a,large.one,premium,6900,6900,high,low,5,namesilo,,,23/09/2026 09:13
0d855fc2-c350-4e5d-9acc-a6d6bf0cf5e6,breakneck.one,available,7.99,24.75,medium,low,9,namesilo,,,11/08/2026 03:08
4e784a33-3a91-4cc7-93af-67ec42016a30,ague.one,available,7.99,24.75,medium,low,4,namesilo,,,
11ed9afe-7775-41ad-a08b-5451eced2846,applejack.one,available,9.48,30.98,medium,low,9,namecheap,,,19/09/2026 21:35
2ca06a9a-5613-466c-8a4a-d702f811cf3c,swishy.one,available,7.99,24.75,medium,low,6,namesilo,,,11/09/2026 05:54
bc096068-5daa-4f63-b306-8d8d3c45472c,likeable.one,available,7.99,24.75,high,low,8,namesilo,,,23/08/2026 06:11
4dcba7d7-f728-4a7d-b636-ffb1d56bbdd9,picture.one,premium,6900,6900,high,low,7,namesilo,,,24/09/2026 16:54
99eba0da-64ad-4235-8231-48f4105e296c,ayatollah.one,available,7.99,24.75,high,low,9,namesilo,,,21/09/2026 10:36
edbb3b3f-3e54-4932-9921-f1021f9bfa52,cloze.one,available,7.99,24.75,medium,low,5,namesilo,,,12/08/2026 12:54
7e07ab5e-a5d0-4a0a-89b9-0f19932de9a6,plundered.one,available,7.99,24.75,medium,low,9,namesilo,,,24/08/2026 09:47
9605437a-d15d-4d6d-9955-bf45c5209dd0,talentless.one,available,7.99,24.75,medium,low,10,namesilo,,,11/09/2026 07:28
0f9c9bd5-1f75-4211-8d74-dcdc5ff20e5b,virus.one,premium,640,640,high,low,5,namesilo,,,24/09/2026 17:02
56ade455-27c4-4ac3-abb4-6e0f4f47cd4e,almighty.one,resell,,,high,low,8,Dynadot Inc,20/05/2015 18:11,20/05/2027 18:11,26/09/2026 03:48
6dc78c43-cd80-42db-87e8-03db933f5a80,vincible.one,available,7.99,24.75,medium,low,8,namesilo,,,09/08/2026 05:42
feebe814-5cd9-4d16-9a15-56203ab02805,hole.one,resell,,,high,low,4,"NameCheap, Inc.",20/05/2015 12:00,20/05/2028 12:00,26/09/2026 06:41
25a35a09-a65e-4c1a-a8b1-8f28b310bee0,benadryl.one,available,7.99,24.75,high,medium,8,namesilo,,,23/09/2026 07:35
3aeae72a-47aa-432c-b297-07a8204705a4,abenaki.one,available,7.99,24.75,medium,low,7,namesilo,,,
2ab405df-558c-4a24-9554-8d7bda720bb4,clearing.one,available,7.99,24.75,high,low,8,namesilo,,,24/09/2026 15:28
31a1d70b-eb1a-40ac-8498-980847283517,cynicism.one,available,9.48,30.98,medium,low,8,namecheap,,,24/09/2026 20:49
d92b0e1d-9be5-4cb9-bd73-14bbd21d97b2,crafts.one,premium,640,640,high,low,6,namesilo,,,19/09/2026 02:50
7a22e72b-7252-4cf6-905f-ee9a68f803b4,tunisian.one,available,9.48,30.98,medium,low,8,namecheap,,,11/09/2026 21:09
2eed2c63-62ef-49c4-a2c9-7c8d624c6a7f,sympathetic.one,available,7.99,24.75,high,low,11,namesilo,,,25/09/2026 14:34
6b69ae89-a74d-4147-84cf-dab312448628,deific.one,available,7.99,24.75,medium,low,6,namesilo,,,14/08/2026 00:13
3bb8485e-d82e-4b08-910c-7b722c0f45d5,sleepily.one,available,7.99,24.75,medium,low,8,namesilo,,,16/09/2026 02:32
2cbf5cbf-c2ed-42c5-abc8-e0ce1755fea5,diabetic.one,premium,625,625,high,low,8,name.com,,,14/08/2026 05:36
95dbb181-7085-45c3-8e62-f2b47a2f694c,lights.one,premium,625,,high,low,6,name.com,,,
c335a464-efb9-440c-b2a7-135781a2d622,angelus.one,available,9.48,30.98,high,low,7,namecheap,,,19/09/2026 06:03
14935760-4d66-42b5-9ae5-adde8bf0e689,xcvi.one,available,7.99,24.75,medium,low,4,namesilo,,,
888db140-dffe-4b49-bbc6-dd1fa920e376,distortion.one,available,7.99,24.75,high,low,10,namesilo,,,11/09/2026 21:55
d2c0f49b-b480-48dc-9ba4-bc59dee0d81e,lock.one,resell,,,high,low,4,Dynadot Inc,14/08/2017 08:13,14/08/2028 08:13,26/09/2026 07:17
88923051-8b1b-4285-bf77-596d343bc98c,acumen.one,resell,,,high,low,6,Porkbun,08/06/2022 14:30,08/06/2027 14:30,26/09/2026 01:22
ff588587-f4fd-459b-8262-4c3fd0545624,sterilizer.one,available,7.99,24.75,medium,low,10,namesilo,,,21/09/2026 06:04
62787093-0f13-4d28-afed-7ee9c66b14aa,fazed.one,available,9.48,30.98,medium,low,5,namecheap,,,10/08/2026 21:00
57f6fe0e-db61-4bd2-a750-99e2629ed78e,producing.one,available,3.49,24.75,medium,low,9,namesilo,,,
9cac798c-452c-47ec-916a-4715c7562a62,bacca.one,available,7.99,24.75,medium,low,5,namesilo,,,21/09/2026 13:55
79f67ce7-b18e-48e1-a8fe-476d48459347,requisitions.one,available,9.48,30.98,medium,low,12,namecheap,,,20/09/2026 14:26
7199f2c6-1be2-4913-a29e-1236e2a7e126,allotment.one,available,9.48,30.98,high,low,9,namecheap,,,18/09/2026 11:46
3decd820-a176-4d83-b4b7-c9f6b8857e38,enrich.one,resell,,,high,low,6,"GoDaddy.com, LLC",19/11/2022 02:56,19/11/2026 02:56,26/09/2026 05:51
e55f5eb2-a8f8-422e-8167-038fb5f78969,seditious.one,available,7.99,24.75,medium,low,9,namesilo,,,22/08/2026 01:29
0f143db4-241e-4e58-b4c4-36ba2bfc5109,antitank.one,available,7.99,24.75,medium,low,8,namesilo,,,05/08/2026 19:44
6a11d606-a07a-4f92-9dcc-9394fc7b8b09,sneezes.one,available,7.99,24.75,medium,low,7,namesilo,,,20/09/2026 09:46
a303a407-9a35-49c4-8c79-3c0bdee48a6a,left.one,resell,,,high,low,4,Dynadot Inc,13/07/2026 00:01,13/07/2027 00:01,26/09/2026 07:11
e7a6feb3-632f-4ffd-ad4e-203a669c9070,andorran.one,available,7.99,24.75,medium,low,8,namesilo,,,
78c63e78-c274-4057-8f24-fb33fdb4c97f,nanus.one,available,7.99,24.75,medium,low,5,namesilo,,,24/08/2026 22:32
8fa466fb-5a38-4811-bb82-4fe02df35b7f,barber.one,resell,,,high,low,6,UM Domains Pte. Ltd.,29/04/2026 00:01,29/04/2027 00:01,26/09/2026 04:15
59571e1b-2bbc-43ff-9c34-ddd104151755,seventh.one,available,,,high,low,7,,,,
a45de3ed-5e6c-498e-84f7-738e4855c0b7,softback.one,available,7.99,24.75,medium,low,8,namesilo,,,05/09/2026 01:13
f210da10-a2a4-432d-a600-577089df2c92,existent.one,available,9.48,30.98,high,low,8,namecheap,,,
e7a3bcbe-b6dc-49f1-b9d4-9be7c261a202,despotic.one,available,7.99,24.75,medium,low,8,namesilo,,,07/08/2026 18:58
317ea23b-8920-45ca-93d8-8be643871f58,triangular.one,available,7.99,24.75,medium,low,10,namesilo,,,11/09/2026 14:30
ea8acedc-f5be-40dd-b280-ba4ec9f0d512,debater.one,available,7.99,24.75,medium,low,7,namesilo,,,20/09/2026 04:45
d3011c4a-87ef-4488-8e74-f81ebd0452d8,applier.one,available,7.99,24.75,medium,low,7,namesilo,,,19/09/2026 21:54
2ae440bb-903c-4cdc-a5ac-5dbebad1b1de,luteal.one,available,7.99,24.75,medium,low,6,namesilo,,,24/08/2026 12:07
591553b8-c51c-4697-890e-1b7b3f26680a,minute.one,premium,640,640,high,low,6,namesilo,,,25/09/2026 09:28
0ba525c4-2e1d-45da-be4e-565d20913733,heavily.one,available,7.99,24.75,medium,low,7,namesilo,,,21/08/2026 05:28
32eb849a-9c3d-4353-a6f8-7b87896dbfe7,mcpherson.one,available,9.48,30.98,high,low,9,namecheap,,,17/09/2026 21:28
155358f5-8095-4987-9163-7bc894ff2764,foreign.one,premium,6250,6250,high,low,7,name.com,,,
38a191b9-1a32-404b-bd97-10741c3ed3b2,lawfully.one,available,11.99,30.99,medium,low,8,name.com,,,13/08/2026 19:09
7c3e88cf-9d1c-444a-85c0-ecac84686162,awny.one,available,7.99,24.75,medium,low,4,namesilo,,,08/08/2026 01:25
3c59ad85-ebde-45a0-a4a2-da5861c44554,bagful.one,available,9.48,30.98,medium,low,6,namecheap,,,21/09/2026 17:57
18b78f17-0ea9-407b-aa3c-624523d6ddef,ashur.one,available,7.99,24.75,medium,low,5,namesilo,,,20/09/2026 13:50
fa9259cd-f3c2-4cf4-8b6a-85ce0c489d4e,whiny.one,available,9.48,30.98,medium,low,5,namecheap,,,09/09/2026 08:37
9e86524e-5eaf-42c2-bc22-f697a964aac8,accomplice.one,available,7.99,24.75,high,low,10,namesilo,,,16/09/2026 22:50
e788c698-1b27-4c60-bda5-5f8302fcd4b4,dissembler.one,available,9.48,30.98,medium,low,10,namecheap,,,08/09/2026 19:10
c33fb546-4594-45c3-a04c-13d6b6ada7e1,unfeigned.one,available,7.99,24.75,high,low,9,namesilo,,,12/09/2026 10:06
ae6b5127-71df-46ca-a903-0770e536a356,disappeared.one,available,9.48,30.98,medium,low,11,namecheap,,,25/09/2026 18:22
679b08c5-8f57-4316-a434-710e5d6a9e00,fun.one,resell,,,high,medium,3,"GoDaddy.com, LLC",27/06/2017 15:42,27/06/2027 15:42,28/09/2026 02:36
cfeb06cc-f552-4834-9fb4-4ee44ac3a4f7,retiring.one,available,6.41,19.87,high,low,8,spaceship,,,27/09/2026 13:20
37d27678-e106-464b-b27e-6d5e172e47ea,ingenious.one,resell,,,high,low,9,"NameCheap, Inc.",29/04/2020 04:08,29/04/2027 04:08,26/09/2026 06:52
bfc1a4b2-8405-4d3d-bf4e-038cac2ecf72,vegetal.one,available,7.99,24.75,medium,low,7,namesilo,,,13/09/2026 01:42
64718237-cac9-4701-bb58-89411e46e9c4,urge.one,resell,,,high,low,4,Dynadot Inc,21/06/2026 00:01,21/06/2027 00:01,26/09/2026 09:54
5332bb8e-362e-4d59-916e-bf550303ecc1,personnel.one,premium,517.7,517.7,high,low,9,spaceship,,,27/09/2026 15:14
437fe0a5-b4f1-4efc-86dc-7aebfc8f2341,ropes.one,available,3.49,24.75,medium,low,5,namesilo,,,
d142c1c6-beb2-4c86-b340-f4b7f27234c5,dainty.one,available,11.99,30.99,high,low,6,name.com,,,13/08/2026 15:40
194ff2ba-481f-4a06-a4be-a9fbaa627133,styptic.one,available,7.99,24.75,medium,low,7,namesilo,,,07/08/2026 10:00
eac5ddb2-87ed-4c42-a1d9-14e13e55d610,indic.one,available,7.99,24.75,medium,low,5,namesilo,,,22/08/2026 03:16
938fe290-a94e-4524-91f1-a78ce7125d8b,launch.one,premium,5458.82,5458.82,high,medium,6,porkbun,,,28/09/2026 02:59
19df14cb-fccc-447f-930d-4139e7c5088e,shoreward.one,available,7.99,24.75,medium,low,9,namesilo,,,22/08/2026 07:00
13553830-1d05-4f10-9913-476fe420ef84,oldest.one,resell,,,high,low,6,Dynadot Inc,24/02/2026 00:00,24/02/2027 00:00,26/09/2026 07:52
8ff14c5a-9dce-4f0f-bd2a-99539dbfbf56,alabaman.one,available,7.99,24.75,medium,low,8,namesilo,,,18/09/2026 01:35
2f5271e2-56d0-4a5d-ba7e-cf2238c23f2f,blighted.one,available,7.99,24.75,medium,low,8,namesilo,,,10/08/2026 14:17
39936233-28e7-4406-b36b-ff0168a03eaa,unblushing.one,available,7.99,24.75,medium,low,10,namesilo,,,10/09/2026 05:55
3895b1ab-9342-413e-a994-4ab7e71cf6f2,disregard.one,available,7.99,24.75,high,medium,9,namesilo,,,10/09/2026 12:49
20140587-91d4-4485-8d6a-6ff19e5cdc3b,protozoon.one,available,7.99,24.75,medium,low,9,namesilo,,,09/09/2026 04:16
ff3eee0c-8cbf-4252-bd5b-7e0e587ae801,marang.one,available,9.48,30.98,medium,low,6,namecheap,,,20/09/2026 12:01